Gene,Pathway_Count
WNT5A,132
NRP1,96
BMPR2,90
TGFB2,83
SRF,73
IGF1,72
HES1,71
PRICKLE1,69
SOX9,69
SMO,65
FGFR1,64
FGFR2,63
SEMA5A,62
PAK1,54
SMAD4,54
BCL2,53
FN1,48
LIPA,48
VANGL2,48
MDK,47
TBX3,46
EXT1,44
PRKAA1,44
SEMA7A,44
EGFR,43
PGK1,43
LRP5,42
JAG1,41
NRP2,41
RYK,41
MYOCD,40
HAND2,39
CDC20,38
CDK1,38
GJA5,38
MAD2L2,38
PTK7,38
PTPRS,38
CCNB1,37
ENO1,37
SMAD1,37
SNAI2,36
ALDOA,35
CDKL5,35
KLF4,35
PDGFB,35
SOX4,35
BIRC5,34
FLNA,34
INCENP,34
PLK1,34
TPI1,34
BCL11A,33
CDH4,33
CHD7,33
FBXO5,33
GSK3A,33
LIMK1,33
MLXIPL,33
SKA3,33
SMAD6,33
TTK,33
APLNR,32
CDH1,32
CDKN1C,32
HK2,32
NDC80,32
NDUFAB1,32
PARK7,32
SEMA3C,32
SEMA6C,32
ALDH1A2,31
GAPDH,31
PTCH1,31
SEMA3A,31
ZFPM2,31
GATA6,30
GDI1,30
MAD1L1,30
MAG,30
NME1,30
NTRK2,30
CENPF,29
HEYL,29
IL10,29
MMP14,29
NRG1,29
RARG,29
STAU2,29
TGFB3,29
UCP2,29
CITED1,28
DCHS1,28
DUSP1,28
ENO2,28
FZD3,28
KCNJ8,28
MTCH2,28
NUMA1,28
PGAM1,28
CRABP2,27
DAB2IP,27
DLD,27
LDHA,27
NR1H4,27
PFKP,27
PRKAG2,27
SAV1,27
SIRT1,27
TP53,27
ACLY,26
ACOT7,26
ACVR2B,26
APOE,26
BUB1,26
DDR1,26
JUN,26
ZWINT,26
ACSL1,25
ACSL3,25
ASPM,25
EDNRB,25
FZD5,25
GRHL2,25
HSD17B12,25
ITGA3,25
KIF14,25
LCMT1,25
ULK2,25
ARID2,24
BUB1B,24
COL6A1,24
CTNNBIP1,24
DLG5,24
ELOVL5,24
ESPL1,24
GPI,24
NDUFA6,24
NDUFC2,24
NDUFS3,24
NDUFS5,24
NDUFS8,24
NPPA,24
SEMA4C,24
SKIL,24
SMARCA2,24
USP44,24
ZFYVE27,24
ACSL4,23
ALDOC,23
APOC1,23
AXIN1,23
AXIN2,23
BRCA1,23
CDC6,23
CLASP1,23
DLGAP5,23
DLX5,23
FOXG1,23
FOXP1,23
IGFBP5,23
KCNQ1,23
NDUFA9,23
NR4A3,23
PFKFB3,23
PFKFB4,23
PRDM1,23
PSEN1,23
THBS1,23
ACACA,22
AKT1,22
BRSK1,22
CHMP4C,22
DACT1,22
DVL2,22
ELOVL6,22
HKDC1,22
MFSD8,22
MLYCD,22
NDRG4,22
NPNT,22
SCN5A,22
SLC2A6,22
SLC4A4,22
TTC8,22
ULK1,22
ACSS2,21
AK4,21
CHEK1,21
DLAT,21
DSP,21
EGR2,21
FASN,21
FERMT2,21
FYN,21
FZD4,21
IDH1,21
JUP,21
NDP,21
NDUFA1,21
NDUFA8,21
NDUFB2,21
NDUFB3,21
NDUFB9,21
NDUFV2,21
PAX8,21
PDGFA,21
PDK1,21
PDK3,21
PGAM4,21
PLXNB1,21
PNP,21
SEMA4A,21
SUFU,21
TECR,21
TPK1,21
TTL,21
UCHL1,21
CDH3,20
COL11A1,20
FBP1,20
INSR,20
MTHFD1,20
NDUFA12,20
NEK2,20
PKD1,20
PTPRD,20
RIMS1,20
RIMS2,20
SPINT1,20
TCF7L2,20
UBE2C,20
WNT4,20
ZBTB16,20
DAAM2,19
DBN1,19
DDIT3,19
DLG4,19
ERBB2,19
FITM2,19
GDF7,19
HMGA2,19
HMGCR,19
HMGCS1,19
MAPRE3,19
MED12,19
MVD,19
MVK,19
NKD1,19
SDHD,19
SMPD3,19
STOML2,19
AMPD3,18
ANK2,18
APOA1,18
AQP1,18
BRD7,18
DAG1,18
DHTKD1,18
EGR1,18
GREB1L,18
GRID2,18
HNRNPU,18
HSD17B4,18
PIK3CA,18
PIM1,18
PPT1,18
PRKCZ,18
S100B,18
SCARB1,18
SFRP4,18
SLC25A13,18
TGFB1I1,18
TGM2,18
WT1,18
BCL7A,17
CENPE,17
CNTN2,17
FGF12,17
FOXO4,17
HOPX,17
INSIG2,17
NDUFB10,17
NDUFB8,17
NPY2R,17
NUDT2,17
PCCA,17
PHACTR4,17
RCC2,17
SCP2,17
TPR,17
VGLL4,17
ACTG1,16
ADAMTS12,16
CDK6,16
CHRNA7,16
CSF1,16
DGUOK,16
DYNLRB1,16
E2F7,16
FABP5,16
FGF18,16
FOS,16
FZR1,16
GOT1,16
MAP2K1,16
MCEE,16
NOTCH3,16
PMVK,16
PRKD2,16
RB1,16
TMEM108,16
AGT,15
ALDH8A1,15
ANAPC2,15
BRCA2,15
CAMK2D,15
CAT,15
CDK2,15
DGAT2,15
DIP2B,15
ESR1,15
FOSL2,15
FSHR,15
IK,15
IMPDH2,15
LDB1,15
NCAPH2,15
NLGN4X,15
NUDT5,15
OFD1,15
ROBO3,15
SLC12A5,15
SOD2,15
SRD5A3,15
SYNGAP1,15
TNNI3,15
TRIM28,15
TULP3,15
VCL,15
ZFP36L2,15
AK2,14
ANG,14
ANGPTL3,14
ARID1A,14
ARID1B,14
ATIC,14
CENPA,14
COLQ,14
EHMT2,14
FDPS,14
GOT2,14
GPAM,14
HBEGF,14
HSD17B10,14
IDI1,14
INSIG1,14
KANK1,14
KANK2,14
KDM1A,14
LPCAT3,14
LPGAT1,14
LPIN1,14
LTBP3,14
MARK1,14
NCAPD2,14
NCAPD3,14
NCAPH,14
NDUFS4,14
PCSK9,14
QPRT,14
SOX15,14
SOX6,14
SYT1,14
UPP1,14
ZMYND8,14
ABHD3,13
ACOT4,13
ACOX1,13
AGK,13
AKT3,13
APRT,13
ATOH8,13
CASR,13
CDC7,13
CHFR,13
DPF3,13
DTL,13
ENTPD7,13
ERCC2,13
FANCD2,13
FOXL2,13
FOXO1,13
FOXP2,13
GJC1,13
GSTP1,13
HUS1B,13
ID1,13
IGFBP1,13
ING2,13
KIF23,13
KIF2C,13
LMNA,13
NCAPG,13
NDUFA13,13
NDUFA7,13
NDUFC1,13
NR2F2,13
NUSAP1,13
PAK3,13
PLK3,13
PPP1R13L,13
PTPRM,13
SGCD,13
SLITRK4,13
SMARCC2,13
SPAG5,13
SPINT2,13
SRGAP2,13
STAR,13
TEAD2,13
VASH2,13
ACE,12
AKR1B1,12
ARHGAP44,12
ASXL1,12
ATRX,12
CACNA1G,12
CDC25B,12
CDK5RAP3,12
CENPV,12
CHODL,12
CPEB3,12
CROT,12
DPF2,12
E2F1,12
FABP3,12
FAR1,12
FOXN3,12
GDF9,12
GMPS,12
GPNMB,12
HECW2,12
HHIP,12
HPRT1,12
ID3,12
IGFBP3,12
ING1,12
IQGAP3,12
IQSEC2,12
ITGB5,12
KIFC1,12
LLGL2,12
LZTS1,12
MDFI,12
NEO1,12
NME4,12
NOTCH4,12
NTN4,12
NUDT16,12
NUDT8,12
PAICS,12
PAPSS2,12
PIK3R1,12
PPP1R9B,12
PTGES3,12
SKA2,12
SOX13,12
SUCLG1,12
SYT2,12
ABHD5,11
AKAP9,11
ARHGAP33,11
AVPR1A,11
CC2D1A,11
CEP192,11
CEP97,11
CHRNB2,11
CLSTN2,11
DCHS2,11
DECR2,11
DGKZ,11
DHRS9,11
EFEMP2,11
EFNB1,11
EPS8,11
ERLIN1,11
ERLIN2,11
ESRP2,11
F2R,11
FSCN1,11
GCLM,11
HMGB2,11
HMOX1,11
HOMER1,11
HSPA2,11
IER3,11
IL18,11
KIF11,11
KIF15,11
KIF4A,11
LIMD1,11
LSS,11
MAP9,11
MBTPS1,11
MEST,11
MYBL2,11
MZT1,11
NR4A1,11
NR4A2,11
ORC1,11
PLK2,11
PRC1,11
PTGES,11
RAD51B,11
RBBP8,11
SDHC,11
SFRP5,11
SHMT2,11
SLC23A2,11
SPTBN2,11
STARD4,11
TIAM2,11
TOB1,11
TRIM39,11
UIMC1,11
WNK3,11
ZDHHC15,11
ABAT,10
ABHD2,10
ALDH1A3,10
BARD1,10
BTG2,10
CACNB2,10
CCNA2,10
CDKN2C,10
CELSR1,10
CELSR2,10
CLDN18,10
DCTN2,10
DIAPH3,10
DOCK1,10
EME1,10
ENPP1,10
ERRFI1,10
ETFA,10
ETFB,10
F3,10
FADS1,10
FASTKD2,10
FBXO31,10
FDFT1,10
GAS6,10
GCDH,10
GK,10
GK5,10
GNPDA1,10
GOLGA2,10
GREM1,10
GRIK2,10
HEXB,10
HMGCL,10
HS3ST3A1,10
HSD17B7,10
ITPA,10
KCNJ5,10
LIMCH1,10
MFSD2A,10
MT3,10
MUS81,10
NSUN4,10
OSBP,10
OXSM,10
PDGFD,10
PNPLA3,10
PPIF,10
PTPRZ1,10
RFWD3,10
RPL11,10
RPL5,10
SEMA3B,10
SLITRK2,10
SMARCC1,10
SORD,10
SOX5,10
STAT3,10
SYNDIG1,10
TEAD1,10
TNFAIP3,10
TNFSF11,10
VCP,10
AAAS,9
AGER,9
AKAP8L,9
AKR1C1,9
ALX4,9
AMIGO2,9
AMOT,9
ANLN,9
BHMT2,9
BICC1,9
C3,9
CAPN3,9
CHMP1B,9
CLN3,9
COL4A3,9
CRIM1,9
DCT,9
DHCR7,9
DKC1,9
E2F8,9
ECHS1,9
EFNA5,9
EGR3,9
EML3,9
FAM83D,9
FEZ1,9
FIS1,9
FTCD,9
GHITM,9
GLS,9
HIP1R,9
HPGD,9
HPSE,9
HS6ST1,9
HSD17B6,9
IGFBP2,9
IGSF11,9
IVD,9
KIF18A,9
KIF26B,9
LIN7B,9
LTBP4,9
MDGA1,9
MPI,9
MTHFD2L,9
MTMR2,9
MYB,9
NCAPG2,9
NDNF,9
NDUFAF1,9
NUDT12,9
PAF1,9
PCSK5,9
PDE10A,9
PDE8A,9
PECR,9
PICK1,9
PLAA,9
POC1A,9
PRDX6,9
PRKAR1B,9
PRKD1,9
PTPRK,9
RHOB,9
ROMO1,9
RORA,9
RPS14,9
RPS19,9
RPS28,9
RRP7A,9
SCUBE3,9
SEMA6A,9
SFRP1,9
SOCS2,9
SOCS3,9
SPTLC2,9
STAG2,9
THBS3,9
TLL2,9
TMEM126A,9
TRMT61B,9
TWSG1,9
UBE4B,9
XPC,9
ZNRF3,9
ABHD6,8
ACAT2,8
ADAMTS5,8
AMBRA1,8
AMH,8
APC2,8
ARHGAP6,8
AXL,8
CACNA1C,8
CBR1,8
CCDC61,8
CDC14A,8
CEBPB,8
CEP55,8
CNTN1,8
CNTN4,8
CSNK1E,8
CX3CR1,8
DTYMK,8
DUOX2,8
EBP,8
EFNA1,8
ELOVL4,8
ENPP3,8
ETFDH,8
FADS2,8
FAM89B,8
FAT3,8
FXR2,8
GLB1,8
GPC4,8
GPM6B,8
GZF1,8
HAL,8
HSP90AA1,8
HTRA1,8
KCNIP2,8
KIF22,8
KRT19,8
L3MBTL1,8
LDHAL6B,8
LDHB,8
LIMS2,8
LIN28A,8
LINGO2,8
LRRC24,8
MAPK1,8
MAPK8IP2,8
MCCC2,8
MECR,8
MRTO4,8
NANP,8
NAT10,8
NDUFS1,8
NGEF,8
NPM1,8
NQO1,8
NR3C1,8
NSDHL,8
NUS1,8
P4HB,8
PANK1,8
PARP6,8
PBX3,8
PGD,8
PGM2,8
PHIP,8
PLOD1,8
PLOD2,8
PRKCQ,8
PSAT1,8
PTPN13,8
RAB38,8
RAB3A,8
RAN,8
RING1,8
RPF2,8
RPL14,8
RPL35,8
RPL35A,8
RPL7,8
RPL7A,8
RPP40,8
RPS6,8
RPS6KA5,8
SAMM50,8
SCN9A,8
SEC14L2,8
SH2B1,8
SIGMAR1,8
SIN3A,8
SLC25A33,8
SQLE,8
STK33,8
STRC,8
TECTA,8
TMOD1,8
TMSB4X,8
TNFSF12,8
TOM1L2,8
TRIM47,8
UQCRFS1,8
UST,8
ABCA1,7
ADCY1,7
AIFM1,7
AKIRIN1,7
APBB1,7
ARHGEF2,7
ATF3,7
BAG6,7
BCL9,7
BCOR,7
BLM,7
BYSL,7
C1QBP,7
CCNB1IP1,7
CCND2,7
CDH2,7
CDK14,7
CDKN2AIP,7
CEACAM1,7
CHRNA10,7
CILP,7
CSGALNACT1,7
CTCF,7
CTDSP2,7
CTNNA3,7
CYP11A1,7
CYP51A1,7
DBF4B,7
DCTD,7
DDO,7
DPM3,7
DVL3,7
EMG1,7
ENOPH1,7
FAH,7
FASTKD3,7
FBL,7
FBLN1,7
FCGR2B,7
FSTL3,7
GABBR1,7
GALE,7
GALM,7
GALT,7
GLI1,7
GPX1,7
HEATR1,7
IDE,7
INPP5K,7
JUNB,7
KCND2,7
KCTD11,7
KDM2B,7
KIF1A,7
KIRREL3,7
KLHL3,7
LAMB2,7
LHCGR,7
LMBR1L,7
LRP6,7
MDC1,7
MIF,7
MMP16,7
MTG1,7
MTX3,7
NAP1L1,7
NFE2L1,7
NME2,7
NME3,7
NOP14,7
NUDT3,7
NVL,7
PCDH17,7
PDGFC,7
PLEKHA4,7
PLK4,7
PPM1D,7
PRDX1,7
PRKDC,7
PYCR1,7
RBM46,7
ROCK2,7
RPL27,7
RPL38,7
RPS16,7
RPS17,7
RPS21,7
RPS8,7
RRAS,7
SCD,7
SEPSECS,7
SGK1,7
SLC16A1,7
SMAD9,7
SMARCD1,7
SMPDL3A,7
SOBP,7
SPTLC1,7
STIL,7
TAL1,7
TBPL1,7
TEAD4,7
TFB2M,7
TIMM10,7
TIMM13,7
TIMM8A,7
TIMM8B,7
TJP1,7
TKT,7
TNXB,7
TOMM40,7
TSHZ1,7
TUBA1A,7
TUFM,7
UTP20,7
VSTM4,7
VWC2,7
WASF3,7
WWC2,7
WWC3,7
WWOX,7
ZBTB7B,7
AACS,6
ABHD4,6
ACBD5,6
ACER2,6
ACOT9,6
ADH5,6
ADRA2A,6
AKR1A1,6
AKR1C2,6
ALDH3A2,6
ALOX5,6
AMOTL2,6
ANK3,6
ANXA2,6
ARHGAP28,6
ARMC5,6
ASAH1,6
BMS1,6
BSN,6
CACNB3,6
CAMK1,6
CASK,6
CBX4,6
CDK5RAP1,6
CEBPD,6
CEP120,6
CHL1,6
CMKLR1,6
CYC1,6
CYP7B1,6
DCAF13,6
DCTN1,6
DDR2,6
DDX52,6
DECR1,6
DHCR24,6
DLG3,6
DNMT3A,6
DTNBP1,6
ECH1,6
ENTPD3,6
ESR2,6
EXOSC7,6
EXOSC8,6
FAT4,6
FBXW7,6
FCF1,6
FTSJ3,6
GFPT1,6
GGPS1,6
GLO1,6
GPT2,6
GSTT1,6
HADH,6
HDAC5,6
HOXC4,6
IFRD1,6
IMP3,6
INHBB,6
KDR,6
KLHL18,6
KRT8,6
LRFN3,6
LRP3,6
LSAMP,6
MASTL,6
MDH1,6
MEPCE,6
MKI67,6
MMRN2,6
MOV10L1,6
MTHFD1L,6
MTHFD2,6
MTTP,6
MYH11,6
NDUFA11,6
NDUFA4,6
NDUFS6,6
NFATC1,6
NHP2,6
NOB1,6
NOL11,6
NOL7,6
NOP10,6
PDE9A,6
PDLIM1,6
PEG10,6
PGAP2,6
PGM3,6
PLD2,6
POP4,6
POP7,6
PRDM11,6
PRDX3,6
PRDX4,6
PROM1,6
PRRT1,6
PSPH,6
RCL1,6
RDH11,6
RMI2,6
RPL13A,6
RPL26,6
RPP30,6
RPS24,6
RPSA,6
RRP36,6
SAP30L,6
SCN3B,6
SEMA4F,6
SH3PXD2B,6
SHROOM2,6
SIK1,6
SLC16A3,6
SLC1A2,6
SMAD7,6
SMC6,6
SORBS1,6
SPIN4,6
SPTSSA,6
SRFBP1,6
SRGAP3,6
SUN1,6
TCOF1,6
TDRD12,6
TEAD3,6
TESK1,6
TIMM22,6
TMEM88,6
TMOD2,6
TNKS,6
TOMM5,6
TOMM6,6
TOP2A,6
TRUB2,6
TSR1,6
TSR2,6
TXN,6
UBE2O,6
UQCRH,6
UTP6,6
UXS1,6
VDAC1,6
WDR3,6
WDR36,6
WDR43,6
ZFP36,6
ZHX2,6
ZNF304,6
ZNF423,6
ABCB6,5
ACD,5
ACO1,5
ADAMTS7,5
ADORA3,5
AGMAT,5
AGPAT5,5
AK7,5
ALDH1B1,5
ARHGEF18,5
ARL2,5
ATP6AP2,5
ATP8A2,5
AVIL,5
BCAT1,5
BRD2,5
CBR4,5
CD47,5
CDC42EP1,5
CGNL1,5
CHSY1,5
CMAS,5
COX4I1,5
COX5B,5
COX6C,5
CRELD1,5
CRHBP,5
CSK,5
CTDSP1,5
CUL9,5
DBT,5
DDHD2,5
DDX18,5
DDX55,5
DGKG,5
DHRS2,5
DOLPP1,5
EARS2,5
EBNA1BP2,5
EFNB3,5
EML1,5
ENPP4,5
FH,5
FKBPL,5
FOXJ2,5
FRAT1,5
FSTL1,5
GAB1,5
GAMT,5
GCAT,5
GLUD2,5
GM2A,5
GNAI3,5
GPC5,5
GPR155,5
GRB10,5
GRPEL1,5
GTPBP4,5
HAGH,5
HDC,5
HSPA4,5
HSPA9,5
HSPD1,5
IGFBP7,5
IPMK,5
IPPK,5
JAK1,5
KCNC1,5
KIF18B,5
KLF10,5
LAMA2,5
LAS1L,5
LCT,5
LHX4,5
LMAN1,5
LRPPRC,5
LRRC17,5
LTBP1,5
MAN2A1,5
MATN2,5
METTL5,5
MFAP2,5
MGST1,5
MIS18A,5
MRPS2,5
MTM1,5
NDRG2,5
NEU1,5
NLRC3,5
NME7,5
NPR3,5
NR1H3,5
NRBP2,5
NSA2,5
OSBPL10,5
OSBPL6,5
OSGIN2,5
PALM,5
PAM,5
PES1,5
PHF19,5
PHF8,5
PIGA,5
PIGP,5
PIGU,5
PIK3C3,5
PKIA,5
PLCD3,5
PLOD3,5
PMM2,5
PPM1B,5
PPP2R5B,5
PRKCG,5
PRMT5,5
PSMC3IP,5
PTPMT1,5
PTPN11,5
PTTG1,5
PUS1,5
QDPR,5
RELA,5
RHOA,5
RNF146,5
RPE,5
RPL7L1,5
RPLP0,5
RPS27L,5
RPS3A,5
RPS5,5
RPUSD2,5
RRM1,5
RUVBL2,5
SARDH,5
SDHB,5
SGMS2,5
SIX5,5
SLC1A3,5
SLC25A18,5
SLC46A1,5
SLIRP,5
SNRPD3,5
SORBS3,5
SORT1,5
SPATA18,5
STMN1,5
SYNCRIP,5
TBL1XR1,5
TCHP,5
TFCP2L1,5
TMEM98,5
TRIT1,5
TSPAN12,5
TSPYL2,5
UNG,5
UQCR10,5
UQCR11,5
UQCRC2,5
VCAM1,5
VLDLR,5
WDR12,5
WDR74,5
WDR77,5
WDTC1,5
XRCC5,5
YARS2,5
ZCWPW1,5
ZFAND5,5
ZNF512B,5
ABCC4,4
ABHD12B,4
ACP5,4
ACSS3,4
AFG3L2,4
ALDH5A1,4
APOB,4
ARHGEF10L,4
ARHGEF19,4
ASAP3,4
ASS1,4
ATF4,4
ATP6AP1,4
ATP6V1H,4
B2M,4
B4GALT1,4
B4GALT5,4
BACE2,4
BAG4,4
BMP3,4
BNIP3,4
C1D,4
C1QTNF3,4
C3AR1,4
C6,4
CAPS2,4
CASP3,4
CCNF,4
CCT3,4
CCT5,4
CCT7,4
CCT8,4
CD24,4
CDK2AP2,4
CENPK,4
CIT,4
CLN5,4
CMC1,4
CNPY2,4
COX6B1,4
COX7C,4
CRYAB,4
CTDSPL,4
CYP2R1,4
DAAM1,4
DBI,4
DDX1,4
DDX21,4
DDX47,4
DDX49,4
DHH,4
DNAJA1,4
DNM3,4
DNMT1,4
DPYSL5,4
DUOXA2,4
DYNLT3,4
ECM1,4
EIF2S2,4
EIF3B,4
EIF3I,4
EIF5B,4
EPDR1,4
EPM2A,4
EPN1,4
EXOSC2,4
FASTKD1,4
FASTKD5,4
FAT2,4
FBXO41,4
FBXO7,4
FCHSD1,4
FOXM1,4
FRG1,4
FUCA1,4
GABRB1,4
GATC,4
GBA2,4
GCNT4,4
GCSH,4
GDF6,4
GEM,4
GMDS,4
GMPPB,4
GNAO1,4
HDAC8,4
HIBADH,4
HOMER2,4
HSD17B1,4
HSD3B1,4
HSD3B2,4
HSP90AB1,4
IARS2,4
IPCEF1,4
ITGA9,4
KCNMB2,4
KDSR,4
KIF13B,4
L3MBTL2,4
LARS2,4
LGALS9,4
LIPH,4
LMAN2L,4
MEF2D,4
MEGF11,4
MELK,4
MERTK,4
METTL18,4
MGAT4A,4
MIS18BP1,4
MMP11,4
MPHOSPH6,4
MTHFS,4
MTMR7,4
MYO1C,4
N4BP2L2,4
NAB1,4
NAB2,4
NAGA,4
NCEH1,4
NDUFA2,4
NDUFB4,4
NEXN,4
NIP7,4
NIT2,4
NOL3,4
NR2E3,4
NUP93,4
PAPSS1,4
PARVB,4
PAWR,4
PCCB,4
PCDHAC2,4
PCDHB14,4
PCSK6,4
PCYT1A,4
PCYT2,4
PDHB,4
PDIA5,4
PDSS1,4
PDSS2,4
PDXK,4
PHEX,4
PHKA1,4
PHYH,4
PI4K2B,4
PIK3C2A,4
PIN4,4
PLEKHA1,4
PLEKHG2,4
PLEKHH2,4
PNPT1,4
PPIP5K2,4
PTEN,4
PTGIS,4
PTGS2,4
PWP1,4
PXDN,4
PYGO1,4
RAD21,4
REG3G,4
RIMS3,4
RNASEK,4
ROM1,4
RPS12,4
RPS13,4
RPS15A,4
RPS23,4
RPS27A,4
RRS1,4
SASH1,4
SCN4A,4
SDHAF2,4
SEC61A1,4
SERPINH1,4
SGMS1,4
SHISA6,4
SLC12A4,4
SLC19A3,4
SLC25A16,4
SLC39A14,4
SLC7A11,4
SNRPB,4
SNRPD1,4
SNRPD2,4
SNRPG,4
SPC25,4
SPRED3,4
SREBF1,4
SRXN1,4
SSB,4
SSH3,4
STON1,4
SUV39H1,4
TACO1,4
TACR2,4
TCIRG1,4
TDRD3,4
TFAM,4
TGIF2,4
TGS1,4
TLR3,4
TMX1,4
TRAM2,4
TSC2,4
TYRP1,4
UBE2S,4
UNC5D,4
UQCRQ,4
YBEY,4
ZBTB17,4
ZNF219,4
ZNF358,4
ABCC2,3
ABCD3,3
ABLIM1,3
ADAM12,3
ADAMTS13,3
ADAMTS18,3
ADAMTS4,3
ADPGK,3
AGL,3
AKAP12,3
ALG1,3
ALG10,3
ALG3,3
ALG5,3
ALG8,3
AMOTL1,3
APCDD1L,3
APOO,3
APOOL,3
ARHGEF40,3
ARHGEF5,3
ATP6V1B2,3
ATR,3
ATXN3,3
BAHD1,3
BCAM,3
BCAP31,3
BCORL1,3
BMP2,3
BOLA3,3
BPHL,3
CAPN1,3
CASP6,3
CATSPERG,3
CBX2,3
CBX6,3
CBX7,3
CBX8,3
CCDC47,3
CCDC93,3
CCT6A,3
CDH12,3
CDS1,3
CHCHD10,3
CHCHD2,3
CHD3,3
CHN1,3
CHST10,3
CINP,3
CISH,3
CIZ1,3
CLP1,3
CLPX,3
CLSPN,3
CLSTN3,3
CMPK2,3
CNN2,3
COL4A4,3
COPA,3
COPB1,3
COPB2,3
COQ3,3
COQ9,3
COX6A1,3
COX7A2,3
COX7B,3
CPNE1,3
CREBL2,3
CREBZF,3
CREG1,3
CRTC1,3
CSPG4,3
CSPG5,3
CSRNP1,3
CTNS,3
CTSZ,3
DACH1,3
DAP3,3
DDX11,3
DES,3
DGAT1,3
DHRS3,3
DHX36,3
DHX9,3
DICER1,3
DISP1,3
DNAJA3,3
DNM3OS,3
DPAGT1,3
ECHDC1,3
ECI2,3
ECM2,3
EID2,3
EIF2AK1,3
EIF3K,3
EPCAM,3
EPHA6,3
EPHB4,3
EPHX2,3
ERBB3,3
ERC1,3
ERI2,3
ETHE1,3
ETNK2,3
FAAH,3
FAM20C,3
FASTK,3
FBF1,3
FBXO6,3
FBXW4,3
FILIP1,3
FOSB,3
FTSJ1,3
FUCA2,3
GALC,3
GANAB,3
GAS1,3
GNB1L,3
GOSR2,3
GPC2,3
GRHPR,3
GRID2IP,3
GRIK1,3
GRSF1,3
GSK3B,3
GSTM2,3
GSTT2,3
HCRTR1,3
HEATR3,3
HEY2,3
HIC1,3
HINT2,3
HSPA5,3
IFT27,3
IGDCC4,3
IGF2,3
IMMT,3
JDP2,3
KALRN,3
KCNK6,3
KDM5A,3
KIDINS220,3
KIF5C,3
KIFC2,3
KLF2,3
KNDC1,3
KNTC1,3
L3MBTL3,3
LAMA3,3
LAMP2,3
LPL,3
LSM11,3
LYRM2,3
MAB21L2,3
MAD2L1,3
MANBA,3
MARCKS,3
MAX,3
MICALL2,3
MMP24,3
MN1,3
MPDU1,3
MPP1,3
MRPL12,3
MT1X,3
MTFMT,3
MTIF3,3
MTMR4,3
MTRR,3
MUC12,3
MYL9,3
NAMPT,3
NAT8L,3
NCBP2,3
NCK2,3
NDUFAF2,3
NDUFB6,3
NELL2,3
NFASC,3
NMD3,3
NOM1,3
NOP16,3
OGFR,3
OXTR,3
PARD3B,3
PARL,3
PCNT,3
PGM1,3
PGS1,3
PHC1,3
PHF1,3
PHF2,3
PIK3C2B,3
PIP5K1B,3
PKN2,3
PLCG1,3
PLEKHG4B,3
PMF1,3
POFUT1,3
POR,3
POU2F1,3
PPIA,3
PPP1R3G,3
PPP2CA,3
PPP2R1B,3
PRCP,3
PREP,3
PRLR,3
PRTG,3
PSMA1,3
PSMA2,3
PSMA4,3
PSMA5,3
PSMA6,3
PSMB1,3
PSMB3,3
PSMB7,3
PSMD14,3
PYGL,3
RAD1,3
RAD51D,3
RAD54L,3
RAD9A,3
RBM15B,3
RBM24,3
RBM47,3
RETSAT,3
RNASEH2B,3
RP2,3
RPGR,3
RPL10A,3
RPL12,3
RPL15,3
RPL18A,3
RPL19,3
RPL21,3
RPL23,3
RPL23A,3
RPL28,3
RPL29,3
RPL31,3
RPL32,3
RPL34,3
RPL36,3
RPL37,3
RPL39,3
RPL4,3
RPL6,3
RPL8,3
RPLP1,3
RPLP2,3
RPS19BP1,3
RUVBL1,3
SBDS,3
SCPEP1,3
SDAD1,3
SDHA,3
SEC24A,3
SEC61B,3
SEC61G,3
SEC63,3
SEMA6B,3
SERINC3,3
SETDB1,3
SF3A2,3
SHISA2,3
SHQ1,3
SIL1,3
SLC16A2,3
SLC25A25,3
SLC25A27,3
SLC25A4,3
SLC25A46,3
SLC29A1,3
SLC2A1,3
SLC30A1,3
SLC6A8,3
SLX4,3
SMURF2,3
SNCA,3
SNCG,3
SNIP1,3
SNRPE,3
SPIN1,3
SPR,3
SPRY4,3
SPSB3,3
SRP14,3
SRP19,3
SRP54,3
SRP68,3
SRP72,3
SRP9,3
SRPRB,3
SSR3,3
STC2,3
STIM1,3
STT3B,3
SUPV3L1,3
SYNPO2L,3
TCF7L1,3
TESK2,3
TET1,3
TG,3
THSD1,3
TIMM17A,3
TIMM23,3
TIMMDC1,3
TMEM165,3
TMEM8B,3
TMEM9,3
TNFAIP1,3
TNRC18,3
TOPORS,3
TPM4,3
TRAM1,3
TRAP1,3
TRAPPC3,3
TRIM11,3
TSHZ3,3
TSKU,3
TUBB3,3
TXNDC17,3
TYRO3,3
TYW3,3
UBA52,3
UNC5C,3
UNK,3
USP19,3
USP28,3
UTP15,3
VCAN,3
VIM,3
VIT,3
VNN1,3
VPS52,3
VSIG10,3
VTI1A,3
XYLB,3
ZFHX3,3
ZFYVE19,3
ZNF512,3
