Gene,Pathway_Count,Mean_NES,Strongest_NES
WNT5A,132,1.6132464443716634,2.0148161587647
NRP1,96,1.6221832033259156,1.95493612173228
BMPR2,90,1.6222509111953753,2.0148161587647
TGFB2,83,1.6289497703434415,2.0148161587647
SRF,73,1.5910880356416455,1.95493612173228
IGF1,72,1.5850370236318456,1.84704856607512
HES1,71,1.6088690489070538,2.0148161587647
SOX9,69,1.5993762282004886,1.90555962941978
PRICKLE1,69,1.6060224690912015,1.89153060261138
SMO,65,1.6182693734052727,1.95493612173228
FGFR1,64,1.5760791557815095,1.76223627997697
FGFR2,63,1.6053504196772466,1.95493612173228
SEMA5A,62,1.60923699505045,1.91413282585377
SMAD4,54,1.6282764359482926,1.95493612173228
PAK1,54,1.5684876195163784,1.91413282585377
BCL2,53,1.5421448656206806,1.80135950990491
LIPA,48,-1.9974752386473151,2.42123244465721
VANGL2,48,1.6508197543925995,2.0148161587647
FN1,48,1.601045997137115,1.91413282585377
MDK,47,1.5695445445661693,1.75587428465578
TBX3,46,1.622598184508167,2.0148161587647
PRKAA1,44,-1.9403789784342018,2.70059634875783
SEMA7A,44,1.6062159682410801,1.91413282585377
EXT1,44,1.5826450341096256,1.90988691437547
PGK1,43,-2.023446806404408,2.44076113924839
EGFR,43,1.554085391661445,1.84704856607512
LRP5,42,1.5677635248409865,1.76223627997697
JAG1,41,1.654123018444556,2.0148161587647
NRP2,41,1.682584577531393,1.95493612173228
RYK,41,1.5888865246547337,1.90988691437547
MYOCD,40,1.6387499278254944,2.0148161587647
HAND2,39,1.6314614113069656,2.0148161587647
GJA5,38,1.6459896550596014,2.0148161587647
PTK7,38,1.6299706348338991,2.0148161587647
CDC20,38,1.573840231279359,1.84034009692533
CDK1,38,1.566619843858682,1.84034009692533
MAD2L2,38,1.5852253315467897,1.84034009692533
PTPRS,38,1.5836930528136939,1.74404340020384
ENO1,37,-2.088244227478417,2.44076113924839
CCNB1,37,1.5742328240350836,1.84704856607512
SMAD1,37,1.5632899282212112,1.71800106759615
SNAI2,36,1.6238210758683735,1.90555962941978
ALDOA,35,-2.10787111707683,2.44076113924839
SOX4,35,1.6955498034426868,2.0148161587647
CDKL5,35,1.6007803112589563,1.91413282585377
PDGFB,35,1.5820784214957837,1.84704856607512
KLF4,35,1.516064045754178,1.74404340020384
TPI1,34,-2.045270988025427,2.44076113924839
BIRC5,34,1.5768202475774515,1.84034009692533
INCENP,34,1.5758245297443112,1.84034009692533
PLK1,34,1.5719187799294143,1.84034009692533
FLNA,34,1.5534513925277995,1.72991752580885
MLXIPL,33,-1.9749985836461663,2.378691247977
GSK3A,33,1.613337573660464,2.0148161587647
SMAD6,33,1.6609700897979216,2.0148161587647
CHD7,33,1.5810443629649618,1.95493612173228
CDH4,33,1.6099645753382212,1.91413282585377
LIMK1,33,1.5748542261314797,1.91413282585377
FBXO5,33,1.5605667479520782,1.84034009692533
SKA3,33,1.5749493313108915,1.84034009692533
TTK,33,1.5794375724150544,1.84034009692533
BCL11A,33,1.5741444759172445,1.74404340020384
HK2,32,-2.040959260450469,2.44076113924839
NDUFAB1,32,-2.0128017897837185,2.42123244465721
PARK7,32,-1.8528153214838634,2.34927142867772
APLNR,32,1.646612423618042,2.0148161587647
SEMA3C,32,1.7087725312318076,2.0148161587647
SEMA6C,32,1.6128088559505969,1.90988691437547
CDH1,32,1.5830139269804735,1.88518252827797
NDC80,32,1.5647684982696526,1.84034009692533
CDKN1C,32,1.5127206708382848,1.83625629417504
GAPDH,31,-2.0343849532000755,2.44076113924839
ZFPM2,31,1.663532030697776,2.0148161587647
PTCH1,31,1.5625124795060004,1.90988691437547
SEMA3A,31,1.6307536032187198,1.90988691437547
ALDH1A2,31,1.5794302475899857,1.90555962941978
NME1,30,-1.9602212422011327,2.42123244465721
GATA6,30,1.62184423216546,1.95493612173228
GDI1,30,1.5872174192547703,1.91413282585377
MAD1L1,30,1.5758017730402294,1.84034009692533
MAG,30,1.575603824416119,1.78146416069895
NTRK2,30,1.5583943713202426,1.74404340020384
UCP2,29,-1.9370316696319907,2.378691247977
HEYL,29,1.6835030358326148,2.0148161587647
NRG1,29,1.6731430467707513,2.0148161587647
CENPF,29,1.570611207156978,1.84034009692533
TGFB3,29,1.5932282607459551,1.83625629417504
STAU2,29,1.58156654094223,1.80068983496047
IL10,29,1.5520843499655859,1.75587428465578
MMP14,29,1.5404173651858155,1.75587428465578
RARG,29,1.514120470200178,1.6928118403035
ENO2,28,-2.084817858460924,2.44076113924839
PGAM1,28,-2.084817858460924,2.44076113924839
MTCH2,28,-2.010486876071074,2.37829324887674
KCNJ8,28,1.6011018964722081,1.95493612173228
FZD3,28,1.5892231067539142,1.90988691437547
DCHS1,28,1.6065563678625794,1.88518252827797
CITED1,28,1.58974005480422,1.86283688289286
DUSP1,28,1.5488484298827574,1.84034009692533
NUMA1,28,1.62060757856177,1.84034009692533
PFKP,27,-2.088982143513633,2.44076113924839
DLD,27,-1.9781621444714075,2.42123244465721
PRKAG2,27,-1.9829027741505176,2.42123244465721
LDHA,27,-2.0320795824643327,2.378691247977
NR1H4,27,-1.759242342683354,2.26421603341546
SAV1,27,1.6557743669176685,2.0148161587647
SIRT1,27,1.5631179571554286,1.84034009692533
CRABP2,27,1.5626348477206407,1.74404340020384
TP53,27,1.5195049686987745,1.73393485669993
DAB2IP,27,1.545508594262934,1.71327800207742
ACLY,26,-1.971965211988998,2.42123244465721
ACOT7,26,-1.8880733355741524,2.42123244465721
APOE,26,-1.774026513900197,2.40177394601922
JUN,26,1.6154657994188109,1.84704856607512
BUB1,26,1.5739410846349107,1.84034009692533
ZWINT,26,1.5703729774642634,1.84034009692533
ACVR2B,26,1.5753125180633254,1.83625629417504
DDR1,26,1.5655146406167384,1.75587428465578
ACSL1,25,-1.8861525080412447,2.42123244465721
ACSL3,25,-1.8844491949781268,2.42123244465721
HSD17B12,25,-1.9358517929102732,2.42123244465721
GRHL2,25,1.5868832822138568,2.0148161587647
ULK2,25,1.5733868179437993,1.90988691437547
EDNRB,25,1.62066579773601,1.90555962941978
FZD5,25,1.5569164776440945,1.89153060261138
LCMT1,25,1.5738097194314495,1.84034009692533
ASPM,25,1.5540637098842172,1.7740953050884
KIF14,25,1.517816979758954,1.72991752580885
ITGA3,25,1.56289989929445,1.71800106759615
ELOVL5,24,-1.9132697248515247,2.42123244465721
NDUFA6,24,-2.1134058471799206,2.42123244465721
NDUFC2,24,-2.1134058471799206,2.42123244465721
NDUFS3,24,-2.1134058471799206,2.42123244465721
NDUFS5,24,-2.1134058471799206,2.42123244465721
NDUFS8,24,-2.1134058471799206,2.42123244465721
GPI,24,-2.0386239363918737,2.378691247977
ZFYVE27,24,1.6013015486732658,1.91413282585377
SEMA4C,24,1.637699219894093,1.90988691437547
ARID2,24,1.5867986818245492,1.84034009692533
BUB1B,24,1.5741775050940507,1.84034009692533
ESPL1,24,1.5587724518482546,1.84034009692533
SMARCA2,24,1.5455796780769695,1.84034009692533
USP44,24,1.5741775050940507,1.84034009692533
COL6A1,24,1.5267672846416238,1.79884608150781
CTNNBIP1,24,1.5828220689128183,1.76223627997697
DLG5,24,1.5864577096389378,1.75587428465578
SKIL,24,1.5563117782923084,1.74404340020384
NPPA,24,1.5763179320081837,1.6928118403035
ACSL4,23,-1.9334882707501027,2.42123244465721
NDUFA9,23,-2.1240029645525724,2.42123244465721
ALDOC,23,-2.0497163689106483,2.378691247977
PFKFB3,23,-2.0497163689106483,2.378691247977
PFKFB4,23,-2.0497163689106483,2.378691247977
PSEN1,23,-1.9314369581414381,2.37829324887674
APOC1,23,-1.7646502586459822,2.11697714379173
PRDM1,23,1.6392691335441552,2.0148161587647
DLX5,23,1.5622495802575251,1.90988691437547
FOXG1,23,1.5496734052590875,1.90988691437547
NR4A3,23,1.562451328329561,1.90988691437547
CDC6,23,1.5684977543319392,1.84704856607512
DLGAP5,23,1.5657856176026865,1.84034009692533
AXIN1,23,1.564994348615073,1.83625629417504
THBS1,23,1.5508847392301466,1.83625629417504
KCNQ1,23,1.575647017638913,1.80135950990491
AXIN2,23,1.5648987370550618,1.75522565274067
IGFBP5,23,1.5608702160056422,1.73598682560546
BRCA1,23,1.5171014370392177,1.73393485669993
CLASP1,23,1.5095978437775044,1.72991752580885
FOXP1,23,1.5430795954651382,1.67559213425558
ACACA,22,-1.9495460314292163,2.42123244465721
ELOVL6,22,-1.95020042127337,2.42123244465721
MLYCD,22,-1.8351024239437133,2.42123244465721
HKDC1,22,-2.0532315601321423,2.378691247977
MFSD8,22,-2.065032419174389,2.378691247977
SLC2A6,22,-2.04899409378346,2.378691247977
SLC4A4,22,-2.04899409378346,2.378691247977
SCN5A,22,1.609284322027914,2.0148161587647
TTC8,22,1.5459209430035472,1.90988691437547
DACT1,22,1.568974435899015,1.89153060261138
DVL2,22,1.5834947733913805,1.89153060261138
NPNT,22,1.5712956118085142,1.83625629417504
NDRG4,22,1.5187706782280481,1.75522565274067
AKT1,22,1.5254685034368736,1.74421674271642
BRSK1,22,1.5278573259369241,1.74404340020384
ULK1,22,1.5582750837494554,1.74404340020384
CHMP4C,22,1.5186406103307122,1.73393485669993
ACSS2,21,-1.9476642628224663,2.42123244465721
AK4,21,-2.1194275152709654,2.42123244465721
DLAT,21,-1.9556748330050653,2.42123244465721
FASN,21,-1.9697397839224187,2.42123244465721
NDUFA1,21,-2.152988279187195,2.42123244465721
NDUFA8,21,-2.152988279187195,2.42123244465721
NDUFB2,21,-2.152988279187195,2.42123244465721
NDUFB3,21,-2.152988279187195,2.42123244465721
NDUFB9,21,-2.152988279187195,2.42123244465721
NDUFV2,21,-2.152988279187195,2.42123244465721
PDK1,21,-1.9330026099892352,2.42123244465721
PDK3,21,-1.9330026099892352,2.42123244465721
PNP,21,-2.0129470731870907,2.42123244465721
TECR,21,-1.9642587579291375,2.42123244465721
TPK1,21,-1.9860183740775652,2.42123244465721
PGAM4,21,-2.081837010111568,2.378691247977
UCHL1,21,-2.081837010111568,2.378691247977
IDH1,21,-1.8032712951111929,2.26421603341546
DSP,21,1.6463309696227968,2.0148161587647
PAX8,21,1.6249163662643282,2.0148161587647
SUFU,21,1.6192800952036643,2.0148161587647
EGR2,21,1.594786937281701,1.90988691437547
FYN,21,1.5937300183139553,1.90988691437547
NDP,21,1.5862170029763958,1.90988691437547
SEMA4A,21,1.6675215634889475,1.90988691437547
FZD4,21,1.562471884712627,1.89153060261138
FERMT2,21,1.552672184279028,1.86283688289286
PDGFA,21,1.5935240846833947,1.84704856607512
JUP,21,1.5644113230759287,1.7636892070389
PLXNB1,21,1.5400756262388315,1.74404340020384
TTL,21,1.5680807809545718,1.74404340020384
CHEK1,21,1.5126024436786547,1.73393485669993
MTHFD1,20,-1.8490789897488695,2.42123244465721
NDUFA12,20,-2.1541356944881995,2.42123244465721
FBP1,20,-2.018608769065706,2.37829324887674
COL11A1,20,1.6157084136009556,2.0148161587647
CDH3,20,1.612164025235513,1.88518252827797
PKD1,20,1.5342287279127729,1.88518252827797
RIMS1,20,1.629144679060342,1.86090112988348
RIMS2,20,1.629144679060342,1.86090112988348
UBE2C,20,1.573868280804162,1.84034009692533
INSR,20,1.58033178132482,1.80135950990491
ZBTB16,20,1.5410967764523116,1.7740953050884
TCF7L2,20,1.6028160856416955,1.77084630897062
SPINT1,20,1.524283429695678,1.75587428465578
WNT4,20,1.5617532779297205,1.75587428465578
PTPRD,20,1.5872363248030494,1.74167257677338
NEK2,20,1.5149876732538974,1.72991752580885
HMGCR,19,-2.0472186400278995,2.42365250697278
HMGCS1,19,-2.0472186400278995,2.42365250697278
MVD,19,-2.0472186400278995,2.42365250697278
MVK,19,-2.0472186400278995,2.42365250697278
SDHD,19,-2.1801682243883858,2.42123244465721
STOML2,19,-2.1120120982940818,2.42123244465721
FITM2,19,-1.8099353472285311,2.26421603341546
ERBB2,19,1.5847419639717684,1.90988691437547
GDF7,19,1.611368095119463,1.90988691437547
DAAM2,19,1.5826257671336337,1.89153060261138
MED12,19,1.5591426208932595,1.89153060261138
NKD1,19,1.6120979819866195,1.89153060261138
HMGA2,19,1.5904763937799404,1.86283688289286
DLG4,19,1.6001293540870962,1.86090112988348
MAPRE3,19,1.558883919509602,1.79200868483243
DDIT3,19,1.6163707009403974,1.75960977026731
SMPD3,19,1.5649411525109116,1.73585720433737
DBN1,19,1.5567035050191054,1.68345701223339
AMPD3,18,-2.0178717068414853,2.42123244465721
PPT1,18,-2.0029790082282593,2.42123244465721
SLC25A13,18,-2.051179440308021,2.42123244465721
APOA1,18,-1.8741907183680362,2.40177394601922
DHTKD1,18,-2.052626450484008,2.37829324887674
HSD17B4,18,-1.7862637120425477,2.16340511857394
SCARB1,18,-1.7771715807989972,2.11697714379173
GREB1L,18,1.6655374639480485,2.0148161587647
ANK2,18,1.6488120463970666,1.95493612173228
DAG1,18,1.6270447134364134,1.90988691437547
SFRP4,18,1.5920569188047606,1.89153060261138
HNRNPU,18,1.6258441946060873,1.86283688289286
PIM1,18,1.6033436572857382,1.86283688289286
PRKCZ,18,1.5826851874184389,1.86090112988348
AQP1,18,1.5409873640528384,1.84704856607512
BRD7,18,1.5637165729882332,1.84034009692533
TGFB1I1,18,1.554805597970685,1.83625629417504
GRID2,18,1.6081432360465855,1.80068983496047
TGM2,18,1.5540557153475716,1.79200868483243
S100B,18,1.5987425335845078,1.78146416069895
WT1,18,1.570612385167746,1.75587428465578
EGR1,18,1.6066598018027634,1.71800106759615
PIK3CA,18,1.5225213439542407,1.67119554137631
NDUFB10,17,-2.1588796639808634,2.42123244465721
NDUFB8,17,-2.1588796639808634,2.42123244465721
NUDT2,17,-2.0606693319179072,2.42123244465721
PCCA,17,-1.887306624782443,2.42123244465721
INSIG2,17,-1.8045815420970424,2.40177394601922
SCP2,17,-1.7794402368107558,2.26421603341546
NPY2R,17,1.7106321811750853,2.0148161587647
CNTN2,17,1.5902277342014548,1.90988691437547
FGF12,17,1.6215938516943083,1.90555962941978
PHACTR4,17,1.5977676897598618,1.90555962941978
BCL7A,17,1.5525298541783452,1.84034009692533
CENPE,17,1.5376421773015234,1.84034009692533
RCC2,17,1.5369415876511487,1.84034009692533
TPR,17,1.5961347403812176,1.84034009692533
HOPX,17,1.5624624522815995,1.73585720433737
FOXO4,17,1.4987951738794636,1.73393485669993
VGLL4,17,1.5766093994821075,1.6928118403035
DGUOK,16,-2.115951684995427,2.42123244465721
MAP2K1,16,-2.0584776875639212,2.42123244465721
MCEE,16,-1.917773526413343,2.42123244465721
PMVK,16,-2.0339631785422547,2.40177394601922
FABP5,16,-1.6555187208628537,2.26421603341546
GOT1,16,-1.7071616897113868,2.19832069256979
NOTCH3,16,1.6308342471138682,1.90988691437547
CHRNA7,16,1.5807983829709744,1.86090112988348
TMEM108,16,1.592299868574688,1.86090112988348
CDK6,16,1.5148577223347912,1.84704856607512
DYNLRB1,16,1.6033330720789094,1.84034009692533
RB1,16,1.595202621725833,1.84034009692533
CSF1,16,1.5589409004594068,1.75587428465578
PRKD2,16,1.552540721755847,1.75162645339694
ACTG1,16,1.550659466060305,1.74404340020384
FZR1,16,1.5007924224244507,1.73393485669993
ADAMTS12,16,1.523700087098312,1.71800106759615
FOS,16,1.565243761577475,1.7150199906221
FGF18,16,1.5278418165833862,1.71488087704745
E2F7,16,1.4830335883381125,1.70232268389385
IMPDH2,15,-2.075703520437058,2.42123244465721
NUDT5,15,-2.0212260760288814,2.378691247977
ALDH8A1,15,-1.754643033821012,2.31401119809841
SOD2,15,-1.8071968675999608,2.29136114084974
SRD5A3,15,-1.8327736071821306,2.26421603341546
CAT,15,-1.7763008598267334,2.20250733950987
DGAT2,15,-1.767593674821964,2.14871234013199
TNNI3,15,1.6785872821332073,2.0148161587647
ROBO3,15,1.618477903952014,1.90988691437547
NLGN4X,15,1.604598512149134,1.86090112988348
AGT,15,1.6292657517074594,1.84704856607512
ESR1,15,1.652240598771024,1.84704856607512
FOSL2,15,1.543694260318006,1.84704856607512
ANAPC2,15,1.5926887671845573,1.84034009692533
IK,15,1.6039596234258147,1.84034009692533
NCAPH2,15,1.6172102546657348,1.84034009692533
TRIM28,15,1.5228540435976794,1.82657158916594
FSHR,15,1.5132464010582787,1.79884608150781
CAMK2D,15,1.5747787170629721,1.7636892070389
LDB1,15,1.5413415414740834,1.75198404173129
ZFP36L2,15,1.5054397295130393,1.75198404173129
DIP2B,15,1.5784942506197641,1.74404340020384
SYNGAP1,15,1.5817645752567233,1.74404340020384
VCL,15,1.578083800392768,1.74404340020384
SLC12A5,15,1.5648790106285073,1.74167257677338
CDK2,15,1.4905356859930787,1.73393485669993
OFD1,15,1.529604012267086,1.72991752580885
BRCA2,15,1.4455289789765167,1.59768109257646
TULP3,15,1.482728714450374,1.57304653212331
HSD17B10,14,-1.7490359452943114,2.70059634875783
FDPS,14,-2.0832607267215977,2.42365250697278
IDI1,14,-2.0832607267215977,2.42365250697278
AK2,14,-2.128460984400408,2.42123244465721
ATIC,14,-1.990823934123385,2.42123244465721
QPRT,14,-1.937272539875257,2.42123244465721
UPP1,14,-1.9944069057244243,2.42123244465721
INSIG1,14,-1.8479568911756414,2.40177394601922
LPCAT3,14,-1.8793901119782521,2.40177394601922
NDUFS4,14,-2.131952064478262,2.34927142867772
GPAM,14,-1.7700130119773743,2.26421603341546
LPGAT1,14,-1.7026821901239428,2.26421603341546
LPIN1,14,-1.7052346910130936,2.26421603341546
GOT2,14,-1.6976512656674978,2.16340511857394
ANGPTL3,14,-1.7586732469306627,2.11697714379173
PCSK9,14,-1.7730948526626529,2.11697714379173
KDM1A,14,1.5677639933862215,1.86283688289286
LTBP3,14,1.5755227919209835,1.86283688289286
ZMYND8,14,1.6425720654544322,1.86090112988348
ARID1A,14,1.5628881653360813,1.84034009692533
ARID1B,14,1.562658135734585,1.84034009692533
NCAPD2,14,1.6182886063188464,1.84034009692533
NCAPD3,14,1.6182886063188464,1.84034009692533
NCAPH,14,1.6182886063188464,1.84034009692533
COLQ,14,1.617106152287728,1.80068983496047
EHMT2,14,1.515149723434133,1.79200868483243
ANG,14,1.5491398679708106,1.75162645339694
SOX15,14,1.5646961337630092,1.74215195613157
MARK1,14,1.6309583800934522,1.74167257677338
HBEGF,14,1.558865419479035,1.73633498085397
SYT1,14,1.5968282495270043,1.73633498085397
CENPA,14,1.5423096476892892,1.72991752580885
KANK1,14,1.521969937538388,1.6928118403035
SOX6,14,1.5672223150414928,1.68285375720644
KANK2,14,1.4437433016440564,1.64547553159722
APRT,13,-2.048151754401773,2.42123244465721
ENTPD7,13,-2.0471784446779115,2.378691247977
NDUFA13,13,-2.156985525051677,2.34927142867772
NDUFA7,13,-2.184463766022853,2.34927142867772
NDUFC1,13,-2.184463766022853,2.34927142867772
ABHD3,13,-1.7671465488839468,2.26421603341546
AGK,13,-1.835356670264923,2.19832069256979
ACOT4,13,-1.7871683221711676,2.16340511857394
STAR,13,-1.79417765878927,2.11697714379173
PPP1R13L,13,1.673021365584654,2.0148161587647
ACOX1,13,-1.7249926955967532,1.97238216203778
GSTP1,13,-1.6937386443428315,1.97238216203778
PTPRM,13,1.598654086514447,1.90988691437547
CHFR,13,1.5846584487569984,1.84034009692533
DPF3,13,1.5695047975806091,1.84034009692533
KIF2C,13,1.5929564764162585,1.84034009692533
NCAPG,13,1.6249932331739692,1.84034009692533
SMARCC2,13,1.5665605335447323,1.84034009692533
ATOH8,13,1.5848971215194938,1.83625629417504
ING2,13,1.5563399361811017,1.83625629417504
SRGAP2,13,1.6033888118088946,1.80064080740009
FOXL2,13,1.5339073752127992,1.79884608150781
FOXP2,13,1.5411481117926584,1.76223627997697
LMNA,13,1.5447744748804815,1.76223627997697
CASR,13,1.5225646939416362,1.75587428465578
SPINT2,13,1.522093187604103,1.75587428465578
TEAD2,13,1.5554086159682308,1.75522565274067
AKT3,13,1.569238981634143,1.75162645339694
VASH2,13,1.5676509200237354,1.75162645339694
FOXO1,13,1.6090797852821015,1.74421674271642
PAK3,13,1.5676063578413393,1.74404340020384
SLITRK4,13,1.6069015718795732,1.74404340020384
IGFBP1,13,1.612636398800474,1.73633498085397
CDC7,13,1.5033409627224423,1.73393485669993
DTL,13,1.5033409627224423,1.73393485669993
FANCD2,13,1.4950817401680623,1.73393485669993
HUS1B,13,1.4866289202228478,1.73393485669993
PLK3,13,1.4867584529246338,1.73393485669993
KIF23,13,1.5570643362825431,1.72991752580885
NUSAP1,13,1.5611059175553592,1.72991752580885
SPAG5,13,1.5504183944797907,1.72991752580885
ID1,13,1.5566832246904385,1.71800106759615
NR2F2,13,1.5066235900189477,1.70232268389385
SGCD,13,1.5819126036482491,1.69344283404169
ERCC2,13,1.4872007375978353,1.67955295230531
GJC1,13,1.5682977995617777,1.67559213425558
GMPS,12,-2.0544658870987726,2.42123244465721
HPRT1,12,-1.9906037115589075,2.42123244465721
NME4,12,-2.136352240109325,2.42123244465721
PAICS,12,-2.0544658870987726,2.42123244465721
PAPSS2,12,-2.0033752924783985,2.42123244465721
NUDT16,12,-1.9323553354872915,2.32100489087833
FABP3,12,-1.69723107674681,2.26421603341546
FAR1,12,-1.9049194564010734,2.26421603341546
SUCLG1,12,-1.8934186600344625,2.20250733950987
CROT,12,-1.7127068023524574,2.16340511857394
NUDT8,12,-1.806625371908395,2.16169248415052
AKR1B1,12,-1.7692696308722717,2.02223800619612
PTGES3,12,-1.72287288484704,1.97238216203778
NEO1,12,1.67006526589554,1.90988691437547
NTN4,12,1.628698755690594,1.90988691437547
ACE,12,1.6140060760325583,1.86283688289286
E2F1,12,1.48806987326889,1.84704856607512
DPF2,12,1.5317333386732868,1.84034009692533
HECW2,12,1.5500118753972725,1.84034009692533
IQSEC2,12,1.6201555119260866,1.80068983496047
ARHGAP44,12,1.62713523681628,1.80064080740009
PIK3R1,12,1.54758567265082,1.80064080740009
PPP1R9B,12,1.474648213738866,1.80064080740009
CACNA1G,12,1.5873998710962758,1.7636892070389
ID3,12,1.5960981206277909,1.75960977026731
IGFBP3,12,1.5832584715690883,1.75960977026731
HHIP,12,1.5350880305243517,1.75587428465578
LLGL2,12,1.5178787591619476,1.75587428465578
NOTCH4,12,1.58397757429118,1.75587428465578
ASXL1,12,1.555648399128445,1.75522565274067
SOX13,12,1.6067641825846017,1.74421674271642
CHODL,12,1.5667359336548041,1.74404340020384
CPEB3,12,1.6055995205260718,1.74167257677338
LZTS1,12,1.6272993106220908,1.74167257677338
SYT2,12,1.6127983365478067,1.73633498085397
CDK5RAP3,12,1.4928157179902517,1.73393485669993
FOXN3,12,1.48964645102682,1.73393485669993
KIFC1,12,1.5514947606694984,1.72991752580885
SKA2,12,1.5453632922657559,1.72991752580885
MDFI,12,1.52305875403937,1.70232268389385
IQGAP3,12,1.4687442476275976,1.69702146411043
CENPV,12,1.518792107692894,1.66459897472865
GDF9,12,1.5634788454259207,1.6525463262626
ING1,12,1.5337929080345316,1.6525463262626
ITGB5,12,1.4944275134243168,1.6525463262626
GPNMB,12,1.449253898444985,1.61722880878282
CDC25B,12,1.466335555164959,1.59768109257646
ATRX,12,1.4942779084403834,1.59393480187533
SHMT2,11,-1.90920437574936,2.70059634875783
LSS,11,-2.1331745322434825,2.42365250697278
ERLIN1,11,-1.8959615924054818,2.40177394601922
ERLIN2,11,-1.8959615924054818,2.40177394601922
SDHC,11,-2.237133759885939,2.34927142867772
DHRS9,11,-1.88393018633814,2.31401119809841
ABHD5,11,-1.6580269114145192,2.26421603341546
STARD4,11,-1.8193454833910172,2.11697714379173
DECR2,11,-1.7206500152335908,1.97238216203778
PTGES,11,-1.709177421390098,1.97238216203778
EFNB1,11,1.72185768746467,1.90988691437547
SFRP5,11,1.6440777542544291,1.89153060261138
CLSTN2,11,1.61659343256405,1.88518252827797
DCHS2,11,1.6691718081307245,1.88518252827797
HMGB2,11,1.5798176924296519,1.86283688289286
GCLM,11,-1.5705948596520618,1.84914977251362
PLK2,11,1.519806605566251,1.80068983496047
FSCN1,11,1.5708255109440818,1.80064080740009
CHRNB2,11,1.5916485424916154,1.79200868483243
HOMER1,11,1.609990768813519,1.79200868483243
AKAP9,11,1.5830249876137945,1.7636892070389
IL18,11,1.598592014692209,1.75960977026731
ESRP2,11,1.5723951472852928,1.75587428465578
HMOX1,11,1.5672786832286427,1.75162645339694
NR4A1,11,1.5932687517932982,1.75162645339694
NR4A2,11,1.5898367139961564,1.74404340020384
TIAM2,11,1.572945051147929,1.74404340020384
ARHGAP33,11,1.6197850939260945,1.74167257677338
CC2D1A,11,1.6407086572656338,1.74167257677338
AVPR1A,11,1.5315610715150827,1.73633498085397
SLC23A2,11,1.60637482057639,1.73633498085397
DGKZ,11,1.4983334729261417,1.73393485669993
IER3,11,1.491020403376481,1.73393485669993
MBTPS1,11,1.491020403376481,1.73393485669993
ORC1,11,1.491020403376481,1.73393485669993
RBBP8,11,1.4676674946279245,1.73393485669993
TRIM39,11,1.491020403376481,1.73393485669993
UIMC1,11,1.491020403376481,1.73393485669993
CEP192,11,1.5545116630384181,1.72991752580885
CEP97,11,1.5545116630384181,1.72991752580885
KIF11,11,1.5545116630384181,1.72991752580885
KIF15,11,1.5545116630384181,1.72991752580885
KIF4A,11,1.5545116630384181,1.72991752580885
MAP9,11,1.5545116630384181,1.72991752580885
MYBL2,11,1.5545116630384181,1.72991752580885
MZT1,11,1.5545116630384181,1.72991752580885
PRC1,11,1.5545116630384181,1.72991752580885
EFEMP2,11,1.5559981531935692,1.72069478474295
TOB1,11,1.570145999937589,1.71800106759615
LIMD1,11,1.5986088838881756,1.6928118403035
MEST,11,1.5773542189983536,1.6928118403035
WNK3,11,1.5584132252485872,1.6928118403035
F2R,11,1.533782238323029,1.68345701223339
ZDHHC15,11,1.5809925555453672,1.67882606911224
SPTBN2,11,1.4999719594756755,1.64550380179343
EPS8,11,1.4373219044632373,1.62682597963663
HSPA2,11,1.4471567328356627,1.59393480187533
RAD51B,11,1.44807915172157,1.59393480187533
FASTKD2,10,-1.9562118519115559,2.70059634875783
FDFT1,10,-2.063368511775331,2.42365250697278
HSD17B7,10,-2.024860978930846,2.42365250697278
GNPDA1,10,-1.8621592470285049,2.42123244465721
PPIF,10,-1.850424310755763,2.34927142867772
VCP,10,-2.061904125553785,2.34927142867772
GCDH,10,-1.743016292354394,2.3475505154948
STAT3,10,-2.081257337068125,2.3475505154948
ITPA,10,-2.022118321691854,2.32100489087833
ALDH1A3,10,-1.898827193762608,2.31401119809841
ETFA,10,-1.8149245199822102,2.29136114084974
ETFB,10,-1.8149245199822102,2.29136114084974
FADS1,10,-1.793337595118896,2.26421603341546
GK,10,-1.777746989415217,2.26421603341546
GK5,10,-1.777746989415217,2.26421603341546
HEXB,10,-1.791080574513748,2.26421603341546
MFSD2A,10,-1.765374177719533,2.26421603341546
OSBP,10,-1.812814861525021,2.26421603341546
PNPLA3,10,-1.6891164056877561,2.26421603341546
RPL11,10,-1.825345579638592,2.25824079623003
RPL5,10,-1.825345579638592,2.25824079623003
SORD,10,-1.799975962137102,2.22451074319049
HMGCL,10,-1.746562205553702,2.18150617506625
OXSM,10,-1.814748178253985,2.16340511857394
MT3,10,-1.8193204175554831,2.1626984785487
ERRFI1,10,-1.754750313934469,2.11697714379173
NSUN4,10,-1.7333406823309399,2.07657418136766
ABHD2,10,-1.727217481606725,1.97238216203778
SEMA3B,10,1.743885466299413,1.90988691437547
CELSR2,10,1.70190404426931,1.89153060261138
CELSR1,10,1.648342545700017,1.88518252827797
GRIK2,10,1.611941483603957,1.86090112988348
CCNA2,10,1.587448201539222,1.84704856607512
GAS6,10,1.5775914959254491,1.84704856607512
PDGFD,10,1.604160804882696,1.84704856607512
SMARCC1,10,1.605662511124665,1.84034009692533
CLDN18,10,1.5410465785290839,1.80135950990491
ABAT,10,1.605954376550984,1.79200868483243
SOX5,10,1.593646249773232,1.7740953050884
HS3ST3A1,10,1.610619597720381,1.77084630897062
CACNB2,10,1.589305355285162,1.7636892070389
KCNJ5,10,1.593442030994983,1.7636892070389
F3,10,1.598728425070467,1.75162645339694
ENPP1,10,1.560194024922273,1.74421674271642
PTPRZ1,10,1.568697182622997,1.74404340020384
SLITRK2,10,1.624338471745997,1.74404340020384
GREM1,10,1.606220806037913,1.74215195613157
DOCK1,10,1.606544408708693,1.74167257677338
SYNDIG1,10,1.610889084506927,1.74167257677338
TEAD1,10,1.617416701761663,1.73633498085397
BARD1,10,1.479215629924169,1.73393485669993
EME1,10,1.478992775863559,1.73393485669993
FBXO31,10,1.483624157361227,1.73393485669993
MUS81,10,1.478992775863559,1.73393485669993
RFWD3,10,1.483624157361227,1.73393485669993
DCTN2,10,1.541622086829723,1.72991752580885
GOLGA2,10,1.55946139214978,1.72991752580885
TNFSF11,10,1.509576133863289,1.72139590697554
BTG2,10,1.517733383402805,1.71074375644557
TNFAIP3,10,1.555824266188829,1.69702146411043
LIMCH1,10,1.529284995307651,1.650166398517
CDKN2C,10,1.464069697249382,1.6214402424485
DIAPH3,10,1.49852817027284,1.59768109257646
TRMT61B,9,-1.8482660208550468,2.70059634875783
DHCR7,9,-2.0887337780218243,2.42365250697278
MPI,9,-1.935293284679781,2.42123244465721
GHITM,9,-2.0061226245475434,2.34927142867772
NDUFAF1,9,-2.0760593328605776,2.34927142867772
MTHFD2L,9,-1.6851413893342588,2.3475505154948
FIS1,9,-1.9206969659500543,2.32100489087833
SPTLC2,9,-1.8715990016845512,2.26421603341546
NUDT12,9,-2.009901429777101,2.25578721583179
PDE10A,9,-1.9889087028933565,2.16340511857394
PDE8A,9,-1.9889087028933565,2.16340511857394
RORA,9,-1.7381786334853055,2.16340511857394
ROMO1,9,-1.8042137982226756,2.1103327405401
TMEM126A,9,-1.86595727665718,2.1103327405401
RPS14,9,-1.80476227754466,2.096494355046
RPS19,9,-1.80476227754466,2.096494355046
RPS28,9,-1.80476227754466,2.096494355046
RRP7A,9,-1.8035838990903743,2.096494355046
CLN3,9,-1.6393019034795933,2.02642509382659
HSD17B6,9,-1.8009202217155456,2.02223800619612
AKR1C1,9,-1.7072533437839021,2.01714960069058
PECR,9,-1.8400572174667011,2.01714960069058
PRDX6,9,-1.634620967973749,2.01025647396351
BHMT2,9,-1.6037988168445612,1.97238216203778
GLS,9,-1.6209148035660454,1.97238216203778
PLAA,9,-1.7310014184687543,1.97238216203778
UBE4B,9,1.6964244622736555,1.95493612173228
ECHS1,9,-1.6172057857880155,1.91554685070577
FTCD,9,-1.6087006122420522,1.91554685070577
IVD,9,-1.6172057857880155,1.91554685070577
EFNA5,9,1.6313515106953422,1.90988691437547
FEZ1,9,1.5837207566783156,1.90988691437547
SEMA6A,9,1.6202529456959978,1.90988691437547
DKC1,9,-1.7025425611559732,1.90912950832783
ZNRF3,9,1.681948285561311,1.89153060261138
AMIGO2,9,1.6339664196024288,1.88518252827797
IGSF11,9,1.6586245727743356,1.88518252827797
MTMR2,9,1.6207686807051522,1.86090112988348
PRKAR1B,9,1.5948775896691967,1.86090112988348
NCAPG2,9,1.648166548464061,1.84034009692533
SCUBE3,9,1.6156718174343723,1.83625629417504
ALX4,9,1.5176494916110344,1.80135950990491
HIP1R,9,1.55965899996325,1.80135950990491
MYB,9,1.5417432988008866,1.80135950990491
PCSK5,9,1.56429984601581,1.80135950990491
AGER,9,1.5570263294595268,1.80068983496047
PICK1,9,1.5895571429521789,1.80068983496047
HPSE,9,1.5627547666403756,1.78011439532624
HS6ST1,9,1.5664715748747533,1.77084630897062
CAPN3,9,1.5878146904326988,1.75960977026731
SOCS3,9,1.4992038751323156,1.75587428465578
EGR3,9,1.5938897608706655,1.75162645339694
LIN7B,9,1.5925596050873378,1.74167257677338
MDGA1,9,1.6077953166388568,1.74167257677338
IGFBP2,9,1.6120275374051145,1.73598682560546
XPC,9,1.468779196092161,1.73393485669993
AAAS,9,1.562609496032839,1.72991752580885
AKAP8L,9,1.5403851134397077,1.72991752580885
CHMP1B,9,1.562609496032839,1.72991752580885
EML3,9,1.562609496032839,1.72991752580885
KIF18A,9,1.5598301907063956,1.72991752580885
STAG2,9,1.562609496032839,1.72991752580885
NDNF,9,1.5495671678733567,1.72887143517901
SOCS2,9,1.5721250842691568,1.72139590697554
HPGD,9,1.6191222364360345,1.72069478474295
CRIM1,9,1.57987161141224,1.71800106759615
SFRP1,9,1.58710171653615,1.71800106759615
TWSG1,9,1.61292017202588,1.71800106759615
PRKD1,9,1.56792794232242,1.71488087704745
FAM83D,9,1.547274339194611,1.71327800207742
DCT,9,1.5386626551851212,1.71074375644557
AMOT,9,1.5298974895821644,1.7039776876654
E2F8,9,1.5308223811629311,1.70232268389385
BICC1,9,1.6050118788884167,1.6928118403035
PAF1,9,1.4926924524623066,1.6928118403035
RHOB,9,1.5265811137891012,1.66852591255243
COL4A3,9,1.5449608556129277,1.65747041729894
LTBP4,9,1.5616789104575088,1.6525463262626
PTPRK,9,1.5084081514296066,1.6525463262626
KIF26B,9,1.5460123613458578,1.64547553159722
ANLN,9,1.4418030880660522,1.62682597963663
C3,9,1.53381100528164,1.6218566009659
TLL2,9,1.5345713431568755,1.60910072467136
THBS3,9,1.48372373910317,1.59768109257646
POC1A,9,1.5010814583899557,1.59393480187533
SLC25A33,8,-2.101929713652015,2.70059634875783
EBP,8,-2.1171375677936424,2.42365250697278
NSDHL,8,-2.1171375677936424,2.42365250697278
SQLE,8,-2.1171375677936424,2.42365250697278
DTYMK,8,-2.1297929760158048,2.42123244465721
NANP,8,-1.9037898266506088,2.42123244465721
PANK1,8,-1.997646360576715,2.42123244465721
MAPK1,8,-1.9825725005073136,2.40177394601922
SEC14L2,8,-1.9825725005073136,2.40177394601922
LDHAL6B,8,-1.8500126382520525,2.37829324887674
LDHB,8,-1.97038642059984,2.37829324887674
NDUFS1,8,-2.1404062295902775,2.34927142867772
UQCRFS1,8,-2.0314521834103774,2.34927142867772
PGM2,8,-1.8924581722069613,2.3475505154948
ENPP3,8,-2.0514978605602736,2.32100489087833
RAN,8,-1.9910337413492811,2.32100489087833
ACAT2,8,-1.9775155492474499,2.31401119809841
ETFDH,8,-1.8474934722988225,2.29136114084974
GLB1,8,-1.7979612107569,2.26758947086832
NUS1,8,-1.799140269841885,2.26421603341546
RAB38,8,-1.760115791923085,2.26421603341546
RPL14,8,-1.8768998551872214,2.25824079623003
RPL35,8,-1.8768998551872214,2.25824079623003
RPL35A,8,-1.8768998551872214,2.25824079623003
RPL7,8,-1.8768998551872214,2.25824079623003
RPL7A,8,-1.8768998551872214,2.25824079623003
MCCC2,8,-1.6342728754707787,2.16340511857394
PGD,8,-1.8760157906603536,2.16340511857394
NQO1,8,-1.7806737524584013,2.1626984785487
PSAT1,8,-1.6876066157597949,2.136822639822
HSP90AA1,8,-1.7732463701630987,2.1103327405401
SAMM50,8,-1.8681250895500787,2.1103327405401
RPP40,8,-1.8261627106560563,2.10574794530627
NAT10,8,-1.746796043901725,2.096494355046
NPM1,8,-1.773756710756975,2.096494355046
RPS6,8,-1.7950009089237862,2.096494355046
NR3C1,8,-1.6642585731024924,2.02223800619612
ABHD6,8,-1.62946010511059,2.01025647396351
CBR1,8,-1.73744722393815,1.97238216203778
FADS2,8,-1.6906961374210439,1.97238216203778
MECR,8,-1.7434154527449537,1.97238216203778
PLOD1,8,-1.5792172485732312,1.97238216203778
PLOD2,8,-1.5792172485732312,1.97238216203778
SIGMAR1,8,-1.7655577319421925,1.97238216203778
MRTO4,8,-1.723252253833765,1.93439154816925
RPF2,8,-1.7734123823031211,1.93439154816925
HAL,8,-1.6202195519702287,1.91554685070577
CNTN1,8,1.6036634164023487,1.90988691437547
CNTN4,8,1.7008515875420562,1.90988691437547
EFNA1,8,1.6465023622818575,1.90988691437547
PRKCQ,8,1.6164026647008862,1.90988691437547
RPS6KA5,8,1.678009834109624,1.90988691437547
CSNK1E,8,1.6759647614417525,1.89153060261138
FAT3,8,1.6177580848521824,1.88518252827797
ELOVL4,8,1.6508188679466913,1.86090112988348
MAPK8IP2,8,1.6159725107930414,1.86090112988348
DUOX2,8,-1.6234733420609362,1.84987684047058
P4HB,8,-1.538784608946785,1.84493410178815
AMH,8,1.6162753136928174,1.83625629417504
UST,8,1.6221422971109876,1.77084630897062
CACNA1C,8,1.6057021814392238,1.7636892070389
GZF1,8,1.5882411117656638,1.75587428465578
ADAMTS5,8,1.6379417591404,1.75522565274067
TNFSF12,8,1.5844097607129237,1.75162645339694
CEBPB,8,1.5403079223759224,1.74421674271642
GPM6B,8,1.5564125448094912,1.74404340020384
RAB3A,8,1.6087779920567213,1.74404340020384
GPC4,8,1.6312482540191087,1.74167257677338
LINGO2,8,1.6025644060179862,1.74167257677338
LRRC24,8,1.6025644060179862,1.74167257677338
PTPN13,8,1.6204408122479026,1.74167257677338
TRIM47,8,1.6347314345239063,1.74167257677338
PHIP,8,1.5720472431631676,1.73598682560546
STK33,8,1.4850537056832236,1.73393485669993
CCDC61,8,1.5837077994677586,1.72991752580885
CEP55,8,1.5634179073944137,1.72991752580885
KIF22,8,1.5634179073944137,1.72991752580885
HTRA1,8,1.573525424680795,1.71800106759615
FAM89B,8,1.5612326980798013,1.7150199906221
SH2B1,8,1.5694263887902475,1.7150199906221
TMSB4X,8,1.4862960030030574,1.71488087704745
LIMS2,8,1.5406003726439,1.71074375644557
KRT19,8,1.5157075755010188,1.70232268389385
APC2,8,1.5881358306316486,1.6928118403035
CX3CR1,8,1.5785145074743963,1.68345701223339
FXR2,8,1.5132407909144363,1.68345701223339
LIN28A,8,1.5235155731732837,1.67955295230531
NGEF,8,1.5962451807276763,1.67882606911224
PARP6,8,1.52665763642446,1.67882606911224
STRC,8,1.501338443957795,1.67882606911224
TECTA,8,1.501338443957795,1.67882606911224
PBX3,8,1.5390202552672325,1.66741771049008
KCNIP2,8,1.5401668210591861,1.66322335806411
AXL,8,1.51829824274742,1.66262763371911
SCN9A,8,1.5353528661815112,1.66254396014832
L3MBTL1,8,1.5326463532063537,1.66057112720873
TOM1L2,8,1.5357762751541375,1.66057112720873
ARHGAP6,8,1.5009294917533362,1.650166398517
CDC14A,8,1.4538556736834776,1.62682597963663
SIN3A,8,1.5041800846629312,1.59393480187533
RING1,8,1.5170541260023813,1.5596771849747
TMOD1,8,1.4523161244890237,1.54791238278533
AMBRA1,8,1.4099390301883126,1.54210874691293
C1QBP,7,-2.0363769948181187,2.70059634875783
FASTKD3,7,-2.0524065417533857,2.70059634875783
MTG1,7,-2.0217895483660713,2.70059634875783
TFB2M,7,-1.9101170675702914,2.70059634875783
TUFM,7,-2.0217895483660713,2.70059634875783
DCTD,7,-2.0385161360424457,2.42123244465721
TBPL1,7,-2.152280235155523,2.42123244465721
CYP51A1,7,-2.07334971933948,2.40177394601922
SLC16A1,7,-1.7826941857336915,2.37829324887674
NME2,7,-2.113154803717113,2.3475505154948
NME3,7,-2.0728940325961216,2.3475505154948
SMPDL3A,7,-1.82375584585382,2.32100489087833
DPM3,7,-1.9776016713590514,2.31401119809841
GALE,7,-1.8819885660257185,2.26758947086832
GALM,7,-1.8819885660257185,2.26758947086832
GALT,7,-1.8819885660257185,2.26758947086832
LHCGR,7,-1.9017287317437699,2.26421603341546
SPTLC1,7,-1.8805740283113115,2.26421603341546
TKT,7,-1.985209652370877,2.26421603341546
RPL27,7,-1.8686867561897886,2.25824079623003
RPL38,7,-1.82645243040852,2.25824079623003
IDE,7,-1.8562176885871315,2.20250733950987
NUDT3,7,-1.9516503052910656,2.16340511857394
PRDX1,7,-1.7678208821363885,2.1626984785487
ABCA1,7,-1.8562296847569029,2.11697714379173
CYP11A1,7,-1.8456303773498843,2.11697714379173
AIFM1,7,-1.713931614657043,2.1103327405401
MTX3,7,-1.8566807185744627,2.1103327405401
TIMM10,7,-1.8566807185744627,2.1103327405401
TIMM13,7,-1.8566807185744627,2.1103327405401
TIMM8A,7,-1.8566807185744627,2.1103327405401
TIMM8B,7,-1.8566807185744627,2.1103327405401
TOMM40,7,-1.8422251268068028,2.1103327405401
NOP14,7,-1.8868471226369785,2.10574794530627
UTP20,7,-1.8868471226369785,2.10574794530627
BYSL,7,-1.8562854481321742,2.096494355046
EMG1,7,-1.7961423606320286,2.096494355046
FBL,7,-1.7961423606320286,2.096494355046
HEATR1,7,-1.8562854481321742,2.096494355046
PRKDC,7,-1.7796550916470113,2.096494355046
RPS16,7,-1.857800506144827,2.096494355046
RPS17,7,-1.80028261892544,2.096494355046
RPS21,7,-1.857800506144827,2.096494355046
RPS8,7,-1.857800506144827,2.096494355046
ENOPH1,7,-1.5812129263815413,1.97238216203778
MIF,7,-1.7475208045378428,1.97238216203778
PYCR1,7,-1.542207184858933,1.97238216203778
SCD,7,-1.7475208045378428,1.97238216203778
SEPSECS,7,-1.5560584234568915,1.97238216203778
NVL,7,-1.782806829655527,1.93439154816925
FAH,7,-1.6215040497203457,1.91554685070577
GPX1,7,-1.677295166849973,1.91554685070577
LAMB2,7,1.6661041422011642,1.90988691437547
DVL3,7,1.6618167598289042,1.89153060261138
PLEKHA4,7,1.6698531823894,1.89153060261138
CDH2,7,1.6721500154055615,1.88518252827797
CEACAM1,7,1.5512264530817386,1.88518252827797
KIRREL3,7,1.593835323091333,1.88518252827797
PCDH17,7,1.6416876194920271,1.88518252827797
LRP6,7,1.693395229288197,1.87274088687861
FBLN1,7,1.5940143455985114,1.86283688289286
DDO,7,-1.5465149341100928,1.86040108456275
PDGFC,7,1.5575262416116213,1.84704856607512
SMARCD1,7,1.6873037672298656,1.84034009692533
GABBR1,7,1.5514086703465229,1.80068983496047
WASF3,7,1.5843400743449385,1.78146416069895
ARHGEF2,7,1.5947433072747215,1.7740953050884
CSGALNACT1,7,1.5530940450549744,1.77084630897062
CTNNA3,7,1.6138072003656456,1.7636892070389
AKIRIN1,7,1.5804929813271114,1.75960977026731
BCL9,7,1.5858754778480972,1.75198404173129
ZBTB7B,7,1.54729601929983,1.74421674271642
ADCY1,7,1.5881725599473115,1.74404340020384
APBB1,7,1.5282106813539058,1.74404340020384
CDKN2AIP,7,1.5962588190427085,1.73633498085397
CILP,7,1.600705514150493,1.73598682560546
MDC1,7,1.4936656261984913,1.73393485669993
VSTM4,7,1.5420732269048558,1.71993834048805
FSTL3,7,1.5755445311472172,1.71800106759615
SMAD9,7,1.6012437740451315,1.71800106759615
VWC2,7,1.5806227473214585,1.71800106759615
SOBP,7,1.4997361661984485,1.71644238953326
TNXB,7,1.5499935071464914,1.71327800207742
KCTD11,7,1.5379397560094972,1.71074375644557
NAP1L1,7,1.5529613410520844,1.71074375644557
PLK4,7,1.5435244623636628,1.70232268389385
CDK14,7,1.5421954125853257,1.6928118403035
GLI1,7,1.641909899617903,1.6928118403035
LMBR1L,7,1.6308367255570972,1.6928118403035
WWOX,7,1.54677587148589,1.6928118403035
TJP1,7,1.521579703531,1.68528887324602
TAL1,7,1.5651191153524313,1.67955295230531
KIF1A,7,1.6169346667770714,1.67882606911224
TUBA1A,7,1.5578359113270828,1.67305989967445
FCGR2B,7,1.5692211493472144,1.66852591255243
NFE2L1,7,1.54754333875444,1.66741771049008
BAG6,7,1.5153885633815813,1.66459897472865
CCNB1IP1,7,1.4705684313360314,1.66459897472865
KCND2,7,1.5161254727430828,1.66322335806411
ROCK2,7,1.5427721777799515,1.65484249430478
ATF3,7,1.54432576575604,1.6525463262626
KLHL3,7,1.545711018957213,1.64547553159722
TEAD4,7,1.4741232286025627,1.63728352565637
WWC2,7,1.5195412629576215,1.63728352565637
WWC3,7,1.5195412629576215,1.63728352565637
CHRNA10,7,1.4890025542557457,1.63005140522484
SGK1,7,1.5359301677791828,1.6214402424485
INPP5K,7,1.4819148294114242,1.61805778494403
BLM,7,1.4836739431615542,1.61722880878282
CTDSP2,7,1.4327667221844027,1.61722880878282
MMP16,7,1.4736290289806186,1.60910072467136
CCND2,7,1.4268679328414386,1.59393480187533
DBF4B,7,1.4513836319813986,1.59393480187533
STIL,7,1.5029955038819185,1.59393480187533
JUNB,7,1.5075507106342356,1.59184332141631
PPM1D,7,1.4503352421300186,1.56498286352902
BCOR,7,1.497932003362107,1.56174735268692
TSHZ1,7,1.4927992697712171,1.5596771849747
RRAS,7,1.4906241501416657,1.55675761559212
RBM46,7,1.4555769343806542,1.54827327637513
CTCF,7,1.4645603603046158,1.52761263210832
KDM2B,7,1.4931645676659329,1.52761263210832
CDK5RAP1,6,-2.0336507911016435,2.70059634875783
TRUB2,6,-2.0336507911016435,2.70059634875783
GFPT1,6,-1.9965228793797067,2.42123244465721
PGM3,6,-1.9008087484709384,2.42123244465721
UXS1,6,-1.844189710582745,2.42123244465721
DHCR24,6,-2.01675373257829,2.40177394601922
CASK,6,-2.040364588480973,2.378691247977
ENTPD3,6,-2.095507192983145,2.378691247977
SLC16A3,6,-1.8032236122918635,2.37829324887674
VDAC1,6,-1.907585156860485,2.37829324887674
CYC1,6,-2.1175041965959585,2.34927142867772
NDUFA11,6,-2.2210665628048067,2.34927142867772
NDUFA4,6,-2.1442673216665615,2.34927142867772
UQCRH,6,-2.1175041965959585,2.34927142867772
MTTP,6,-1.7846386425258567,2.32100489087833
GGPS1,6,-2.038091605292205,2.31401119809841
NDUFS6,6,-2.09828624262529,2.29136114084974
ABHD4,6,-1.7410389577224517,2.26421603341546
PGAP2,6,-1.6944050999341318,2.26421603341546
PLD2,6,-1.7621926102271133,2.26421603341546
RPL13A,6,-1.7864945010344384,2.25824079623003
MDH1,6,-2.0294010737199266,2.20250733950987
ACER2,6,-1.8323389253131,2.19832069256979
ASAH1,6,-1.8280827309584133,2.19832069256979
SPTSSA,6,-1.8572767826228167,2.19832069256979
AACS,6,-1.94866282777479,2.18150617506625
ACOT9,6,-1.8602310440839283,2.16340511857394
TIMM22,6,-1.8403157510915016,2.1103327405401
TOMM5,6,-1.8245567002113716,2.1103327405401
TOMM6,6,-1.8245567002113716,2.1103327405401
POP4,6,-1.7716590172818,2.10574794530627
POP7,6,-1.7716590172818,2.10574794530627
RPP30,6,-1.7716590172818,2.10574794530627
BMS1,6,-1.8503636521920965,2.096494355046
DCAF13,6,-1.8503636521920965,2.096494355046
DDX52,6,-1.8503636521920965,2.096494355046
FCF1,6,-1.8503636521920965,2.096494355046
IMP3,6,-1.8503636521920965,2.096494355046
NOB1,6,-1.8503636521920965,2.096494355046
NOL11,6,-1.8503636521920965,2.096494355046
NOL7,6,-1.8503636521920965,2.096494355046
RCL1,6,-1.8503636521920965,2.096494355046
RPS24,6,-1.8536250527503566,2.096494355046
RPSA,6,-1.80435167267221,2.096494355046
RRP36,6,-1.8503636521920965,2.096494355046
SRFBP1,6,-1.8503636521920965,2.096494355046
TSR1,6,-1.8503636521920965,2.096494355046
TSR2,6,-1.8503636521920965,2.096494355046
UTP6,6,-1.8503636521920965,2.096494355046
WDR3,6,-1.8503636521920965,2.096494355046
WDR36,6,-1.8503636521920965,2.096494355046
WDR43,6,-1.8503636521920965,2.096494355046
TXN,6,-1.70420453075135,2.06549878939657
ANXA2,6,-1.859099428552015,2.01814021703776
ADH5,6,-1.8128872344096567,2.01714960069058
ALDH3A2,6,-1.886584189983395,2.01714960069058
RDH11,6,-1.7635232340476166,2.01714960069058
AKR1C2,6,-1.75523139429209,1.98864243167222
MTHFD1L,6,-1.7455905944010532,1.97238216203778
MTHFD2,6,-1.7455905944010532,1.97238216203778
PSPH,6,-1.58375447106818,1.97238216203778
FTSJ3,6,-1.7546734151726333,1.93439154816925
RPL26,6,-1.8266079182708983,1.93439154816925
ACBD5,6,-1.7143465496718284,1.91554685070577
AKR1A1,6,-1.6998893346928083,1.91554685070577
DECR1,6,-1.7143465496718284,1.91554685070577
ECH1,6,-1.7143465496718284,1.91554685070577
HADH,6,-1.7143465496718284,1.91554685070577
CHL1,6,1.6730101078394017,1.90988691437547
SEMA4F,6,1.696867711712915,1.90988691437547
NHP2,6,-1.7504630751990633,1.90912950832783
NOP10,6,-1.7504630751990633,1.90912950832783
TCOF1,6,1.7005873031119967,1.90555962941978
FAT4,6,1.6635435037951818,1.88518252827797
GPT2,6,-1.5590798632910834,1.86040108456275
GSTT1,6,-1.6638760484368167,1.84987684047058
PRDX3,6,-1.64531073410086,1.84987684047058
PRDX4,6,-1.6128155920143568,1.84987684047058
SLC1A2,6,-1.61010145296369,1.84914977251362
RMI2,6,1.6584784198047167,1.84034009692533
SMC6,6,1.613844028314765,1.84034009692533
EXOSC7,6,-1.6691235590670532,1.83877677179267
EXOSC8,6,-1.6691235590670532,1.83877677179267
UBE2O,6,1.6406651210610017,1.83625629417504
ZNF423,6,1.6406651210610017,1.83625629417504
PRRT1,6,1.6093709889696066,1.80068983496047
DNMT3A,6,1.5596573544778767,1.79200868483243
HDAC5,6,1.5800896220780767,1.79200868483243
TEAD3,6,1.6142770343115966,1.7740953050884
SCN3B,6,1.640871937362935,1.7636892070389
ZHX2,6,1.54026787410297,1.75198404173129
GLO1,6,-1.59690623929257,1.74508570073634
ALOX5,6,1.51851852189681,1.74421674271642
CBX4,6,1.5855122183377617,1.74421674271642
CMKLR1,6,1.58093769780471,1.74421674271642
LRP3,6,1.5714913117897251,1.74421674271642
ZFP36,6,1.57879918936611,1.74421674271642
ANK3,6,1.5840498582389217,1.74404340020384
IFRD1,6,1.6409181272049567,1.74404340020384
LRFN3,6,1.6315793132109784,1.74167257677338
LSAMP,6,1.6315793132109784,1.74167257677338
SRGAP3,6,1.6315793132109784,1.74167257677338
TOP2A,6,1.54115669023654,1.72991752580885
INHBB,6,1.5414172487065634,1.72887143517901
KDR,6,1.5705843832180817,1.71800106759615
SMAD7,6,1.5887682579566649,1.71800106759615
PDE9A,6,1.5961940786832267,1.71074375644557
KRT8,6,1.5228718135534982,1.70232268389385
CYP7B1,6,1.5604292341591317,1.69702146411043
AMOTL2,6,1.5677381528603918,1.6928118403035
NFATC1,6,1.604509582123775,1.6928118403035
SPIN4,6,1.5696184614947566,1.6928118403035
TMEM88,6,1.622717354432395,1.6928118403035
DLG3,6,1.518501818072355,1.69144924519436
FBXW7,6,-1.51721144656098,1.68557354798572
ADRA2A,6,1.568301729970265,1.68345701223339
BSN,6,1.60568917695981,1.68345701223339
DTNBP1,6,1.6131412519197066,1.68345701223339
MYH11,6,1.5778270723780001,1.67559213425558
SIK1,6,1.5458917555130733,1.67559213425558
CAMK1,6,1.5637622592689466,1.66852591255243
DCTN1,6,1.57980777429224,1.66741771049008
SUN1,6,1.47794320698084,1.66459897472865
CACNB3,6,1.5669348644775067,1.66322335806411
CEBPD,6,1.5420077799464067,1.66109874609714
DDR2,6,1.5284011703222717,1.66109874609714
MKI67,6,1.5360563845141684,1.66057112720873
CEP120,6,1.5249396659001533,1.65765867730336
PEG10,6,1.5412030997820683,1.6525463262626
SAP30L,6,1.536218734335145,1.6525463262626
ARMC5,6,1.4871631185060767,1.64662856096592
PROM1,6,1.5618067735745285,1.64547553159722
ESR2,6,1.56050419386067,1.6214402424485
PRDM11,6,1.552943933960645,1.6214402424485
SH3PXD2B,6,1.5120272006390667,1.60910072467136
KLHL18,6,1.4324504267234617,1.59393480187533
MEPCE,6,1.4324504267234617,1.59393480187533
MASTL,6,1.4286258465310082,1.56498286352902
PDLIM1,6,1.5004013575640682,1.56174735268692
HOXC4,6,1.4643339568734433,1.5596771849747
MMRN2,6,1.4637287048900385,1.55675761559212
ZNF304,6,1.5205820607838068,1.55675761559212
TNKS,6,1.47727575021604,1.54963139603455
SHROOM2,6,1.49786342863943,1.54791238278533
SORBS1,6,1.4843084595212965,1.54600453259458
MOV10L1,6,1.4880338921617384,1.53112845720225
TDRD12,6,1.4880338921617384,1.53112845720225
TESK1,6,1.475885655927875,1.49866612441994
ARHGAP28,6,1.4425002830525382,1.47907796956183
TMOD2,6,1.4282161163837834,1.47476772302581
EARS2,5,-2.0537446892225,2.70059634875783
LRPPRC,5,-2.164050700913286,2.70059634875783
MRPS2,5,-2.137505917268276,2.70059634875783
PUS1,5,-1.902311971220098,2.70059634875783
SLIRP,5,-1.968408924710138,2.70059634875783
TRIT1,5,-1.902311971220098,2.70059634875783
YARS2,5,-2.0537446892225,2.70059634875783
AK7,5,-2.136513744499842,2.42123244465721
CMAS,5,-1.981835020190192,2.42123244465721
PMM2,5,-2.001935210706952,2.42123244465721
RRM1,5,-2.0956865913089398,2.42123244465721
COX4I1,5,-2.147112791366454,2.34927142867772
COX5B,5,-2.147112791366454,2.34927142867772
COX6C,5,-2.209101510638218,2.34927142867772
RHOA,5,-2.1097133537184583,2.34927142867772
SDHB,5,-2.239271880732348,2.34927142867772
UQCR10,5,-2.147112791366454,2.34927142867772
UQCR11,5,-2.209101510638218,2.34927142867772
UQCRC2,5,-2.209101510638218,2.34927142867772
CBR4,5,-1.921393563960914,2.3475505154948
NME7,5,-2.241920923114744,2.3475505154948
ARL2,5,-1.960231667971346,2.32100489087833
GNAI3,5,-2.089503322156742,2.32100489087833
DHRS2,5,-1.767596968662064,2.29136114084974
AGPAT5,5,-1.715943433638808,2.26421603341546
DGKG,5,-1.715943433638808,2.26421603341546
DOLPP1,5,-1.82152474501551,2.26421603341546
IPMK,5,-2.020599258881768,2.26421603341546
IPPK,5,-2.03745471128684,2.26421603341546
MTM1,5,-1.749347876872736,2.26421603341546
PIGA,5,-1.76651150883176,2.26421603341546
PIGP,5,-1.76651150883176,2.26421603341546
PIGU,5,-1.76651150883176,2.26421603341546
PIK3C3,5,-1.710353706368932,2.26421603341546
PTPMT1,5,-1.749347876872736,2.26421603341546
SGMS2,5,-1.814076732224208,2.26421603341546
RPLP0,5,-1.909382011594298,2.25824079623003
GM2A,5,-1.760636404011986,2.22451074319049
LCT,5,-1.760636404011986,2.22451074319049
NEU1,5,-1.760636404011986,2.22451074319049
ACO1,5,-2.095002220838816,2.20250733950987
FH,5,-1.673658821562376,2.20250733950987
QDPR,5,-1.598200689925612,2.19832069256979
PAM,5,-1.764227125788308,2.18150617506625
ENPP4,5,-1.90934428857277,2.16340511857394
RPE,5,-1.855188652577884,2.16340511857394
SLC25A18,5,-1.864370603843716,2.16340511857394
VLDLR,5,-1.963231938044018,2.11697714379173
GRPEL1,5,-1.821248246733594,2.1103327405401
HSPA4,5,-1.821248246733594,2.1103327405401
HSPD1,5,-1.774028311356442,2.1103327405401
SNRPD3,5,-1.669572756218556,2.10574794530627
RPS27L,5,-1.78473768123441,2.096494355046
RPS3A,5,-1.81361621942421,2.096494355046
RPS5,5,-1.81361621942421,2.096494355046
XRCC5,5,-1.78473768123441,2.096494355046
ABCB6,5,-1.84018598358756,2.06549878939657
DBT,5,-1.703246265250922,2.0494688417329
HSPA9,5,-1.74243554002298,2.04942482875301
UNG,5,-1.902421656566164,2.04503318756484
ATP6AP2,5,-1.81536728419624,2.02642509382659
CSK,5,-1.862471532049944,2.01814021703776
LMAN1,5,-1.707602907535038,2.0132496647495
SPATA18,5,-1.61336683255109,1.99425815442009
ALDH1B1,5,-1.774816163379278,1.98864243167222
BCAT1,5,-1.685473564422876,1.97238216203778
GAMT,5,-1.7544296456561679,1.97238216203778
NR1H3,5,-1.7845062587209,1.97238216203778
OSBPL6,5,-1.81374255739074,1.97238216203778
CRELD1,5,1.755383547237394,1.95493612173228
DDX18,5,-1.811445175952836,1.93439154816925
DDX55,5,-1.811445175952836,1.93439154816925
EBNA1BP2,5,-1.811445175952836,1.93439154816925
GTPBP4,5,-1.811445175952836,1.93439154816925
LAS1L,5,-1.811445175952836,1.93439154816925
NSA2,5,-1.811445175952836,1.93439154816925
PES1,5,-1.811445175952836,1.93439154816925
RPL7L1,5,-1.811445175952836,1.93439154816925
WDR12,5,-1.811445175952836,1.93439154816925
WDR74,5,-1.811445175952836,1.93439154816925
HAGH,5,-1.682015492772152,1.91554685070577
EFNB3,5,1.706053567180158,1.90988691437547
LAMA2,5,1.688058549918668,1.90988691437547
LHX4,5,1.6986921820096301,1.90988691437547
MATN2,5,1.720896948416404,1.90988691437547
RUVBL2,5,-1.710398959117538,1.90912950832783
SYNCRIP,5,-1.626846057121174,1.90242162986121
GCAT,5,-1.530616768324204,1.86040108456275
HDC,5,-1.530616768324204,1.86040108456275
SARDH,5,-1.53746572715312,1.86040108456275
MGST1,5,-1.572245894225926,1.84987684047058
OSBPL10,5,-1.580567354941158,1.8475024210576
METTL5,5,-1.71872978857331,1.83877677179267
PRMT5,5,-1.73068800712936,1.83877677179267
RPUSD2,5,-1.71872978857331,1.83877677179267
WDR77,5,-1.73068800712936,1.83877677179267
PALM,5,1.622792776563712,1.80064080740009
MAN2A1,5,-1.593344592600438,1.79223133789336
CRHBP,5,1.593792123199924,1.79200868483243
SLC1A3,5,1.625168426296886,1.79200868483243
VCAM1,5,1.579528495684984,1.78685896219322
PTPN11,5,-1.556667440554672,1.76712591012317
FKBPL,5,1.581471129806692,1.75587428465578
KLF10,5,1.504057845105044,1.75198404173129
SORT1,5,1.6015235173359639,1.74421674271642
ATP8A2,5,1.6313785111243742,1.74404340020384
STMN1,5,1.591714611618926,1.74404340020384
KIF18B,5,1.590578319083376,1.72991752580885
KCNC1,5,1.501146269743628,1.72887143517901
ADAMTS7,5,1.59253309291284,1.71800106759615
FSTL1,5,1.6015468864381939,1.71800106759615
GPR155,5,1.6015468864381939,1.71800106759615
GAB1,5,1.563498840892362,1.71488087704745
DDHD2,5,-1.557103551129758,1.71213600949363
GLUD2,5,-1.512140321733614,1.70139533812548
SLC46A1,5,-1.585697059025906,1.70139533812548
RELA,5,1.609427968065404,1.69814864501545
FRAT1,5,1.615993852597464,1.6928118403035
GPC5,5,1.615993852597464,1.6928118403035
GRB10,5,1.555471046201976,1.6928118403035
NDRG2,5,1.532445588074796,1.6928118403035
NRBP2,5,1.615993852597464,1.6928118403035
PPM1B,5,1.615993852597464,1.6928118403035
RNF146,5,1.615993852597464,1.6928118403035
AGMAT,5,-1.52768522315163,1.69173038530956
TMEM98,5,1.548408784014204,1.69114966581751
ADORA3,5,1.517552795016982,1.68345701223339
PRKCG,5,1.5739879482613681,1.68345701223339
PHF19,5,1.54118427193834,1.67955295230531
SIX5,5,1.4965879214086741,1.67119554137631
TBL1XR1,5,-1.484102742967462,1.66609908485606
PSMC3IP,5,1.503404523122078,1.66459897472865
PTTG1,5,1.503404523122078,1.66459897472865
ZCWPW1,5,1.523926546064528,1.66459897472865
CUL9,5,1.539636608289884,1.66057112720873
EML1,5,1.563992029821752,1.65765867730336
ZNF512B,5,1.57269400003924,1.65257634611155
LTBP1,5,1.550786356565178,1.6525463262626
ZFAND5,5,1.484436027783334,1.64899729633339
TFCP2L1,5,1.556597257031692,1.62970274900329
IGFBP7,5,1.517315361638734,1.6214402424485
OSGIN2,5,1.570092196884458,1.6214402424485
TCHP,5,1.570092196884458,1.6214402424485
TSPYL2,5,1.570092196884458,1.6214402424485
NPR3,5,1.531720875862664,1.61805778494403
CTDSP1,5,1.495418917260462,1.61722880878282
NLRC3,5,1.493355687590616,1.60781758283448
PLCD3,5,1.50337961799869,1.59184332141631
PLOD3,5,-1.475171072991846,1.59053349648142
ACD,5,1.43343742571702,1.57304653212331
ARHGEF18,5,1.487083927451014,1.5676983125835
CGNL1,5,1.487083927451014,1.5676983125835
JAK1,5,1.519081102485302,1.5676983125835
PKIA,5,1.403495469123866,1.56498286352902
CD47,5,1.484895788052738,1.55675761559212
FOXJ2,5,1.50060174519706,1.55675761559212
TSPAN12,5,1.512139423808496,1.55675761559212
MFAP2,5,1.471240022056742,1.54791238278533
WDTC1,5,1.430095206532448,1.53445572064377
LRRC17,5,1.480418830657736,1.5289340385825
MIS18A,5,1.494993223678096,1.52761263210832
PHF8,5,1.449924465079978,1.52761263210832
AVIL,5,1.4577133024301179,1.51795143473642
PPP2R5B,5,1.48542871973272,1.51795143473642
CDC42EP1,5,1.44306252793179,1.51415663393136
CHSY1,5,1.47277408135044,1.5070228458637
SORBS3,5,1.471329562229462,1.48892648647574
BRD2,5,1.434602850932316,1.48700729775801
FASTKD1,4,-2.032477153514265,2.70059634875783
FASTKD5,4,-2.032477153514265,2.70059634875783
GATC,4,-2.04803731618621,2.70059634875783
IARS2,4,-2.04803731618621,2.70059634875783
LARS2,4,-2.04803731618621,2.70059634875783
PNPT1,4,-2.186280340836385,2.70059634875783
TACO1,4,-2.2343833817436174,2.70059634875783
TFAM,4,-2.08094070445819,2.70059634875783
GMDS,4,-2.0543611789103498,2.42123244465721
GMPPB,4,-2.0543611789103498,2.42123244465721
COX6B1,4,-2.1332641543306,2.34927142867772
COX7C,4,-2.2690115826119026,2.34927142867772
SDHAF2,4,-2.1769988172878447,2.34927142867772
UQCRQ,4,-2.2690115826119026,2.34927142867772
PAPSS1,4,-2.0470098960728675,2.3475505154948
PDHB,4,-2.0078920909930376,2.3475505154948
PDSS1,4,-1.9926187801417674,2.31401119809841
PDSS2,4,-1.9926187801417674,2.31401119809841
NDUFA2,4,-2.19821674896459,2.29136114084974
NDUFB4,4,-2.19821674896459,2.29136114084974
PDIA5,4,-1.905730405588995,2.29136114084974
LIPH,4,-1.807256532988295,2.26421603341546
MTMR7,4,-1.7586508437175126,2.26421603341546
PCYT1A,4,-1.7586508437175126,2.26421603341546
PCYT2,4,-1.7586508437175126,2.26421603341546
PDXK,4,-2.029626634002895,2.26421603341546
PI4K2B,4,-1.7586508437175126,2.26421603341546
PIK3C2A,4,-1.7586508437175126,2.26421603341546
PPIP5K2,4,-2.1058903299238123,2.26421603341546
PTEN,4,-1.7586508437175126,2.26421603341546
SGMS1,4,-1.84466331895287,2.26421603341546
SLC19A3,4,-1.9129279065571425,2.26421603341546
NAGA,4,-1.7778629086875926,2.22451074319049
PHKA1,4,-1.76041637844726,2.22451074319049
CYP2R1,4,-2.0453958231189775,2.19832069256979
SREBF1,4,-1.8665933127503949,2.19832069256979
ACSS3,4,-2.0251005511055924,2.18150617506625
DNAJA1,4,-1.789501386822145,2.1103327405401
SNRPB,4,-1.7143321462687475,2.10574794530627
SNRPD1,4,-1.7143321462687475,2.10574794530627
SNRPD2,4,-1.7143321462687475,2.10574794530627
SNRPG,4,-1.7143321462687475,2.10574794530627
SSB,4,-1.61711739484632,2.10574794530627
TGS1,4,-1.7143321462687475,2.10574794530627
RPS12,4,-1.8969632702862775,2.096494355046
RPS13,4,-1.8969632702862775,2.096494355046
RPS15A,4,-1.8969632702862775,2.096494355046
RPS23,4,-1.8969632702862775,2.096494355046
RPS27A,4,-1.8969632702862775,2.096494355046
AFG3L2,4,-1.7168108995816875,2.04942482875301
ATP6AP1,4,-1.8899178160016477,2.02642509382659
ATP6V1H,4,-1.8899178160016477,2.02642509382659
CLN5,4,-1.854329698649135,2.02642509382659
RNASEK,4,-1.8899178160016477,2.02642509382659
TCIRG1,4,-1.8899178160016477,2.02642509382659
HSD17B1,4,-1.7831694217495875,2.02223800619612
HSD3B1,4,-1.7831694217495875,2.02223800619612
HSD3B2,4,-1.786715226561235,2.02223800619612
CNPY2,4,-1.9588163985181275,2.01814021703776
LMAN2L,4,-1.7131102474223674,2.0132496647495
ABHD12B,4,-1.6836340889057149,2.01025647396351
SEC61A1,4,-1.9075346234180175,2.00459517895
TRAM2,4,-1.9075346234180175,2.00459517895
NCEH1,4,-1.8363552973909676,1.99769736731631
TYRP1,4,-1.8845221573861775,1.97705264457486
SLC39A14,4,-1.54484214019651,1.97238216203778
EPM2A,4,-1.6090166301052924,1.96946122274348
FUCA1,4,-1.58486450053102,1.96346864173989
NIP7,4,-1.8077449738108575,1.93439154816925
SLC7A11,4,-1.6897047097028124,1.91560157402905
ABCC4,4,-1.546079906191735,1.91554685070577
DBI,4,-1.6512206980964876,1.91554685070577
MGAT4A,4,-1.7668814892739,1.91554685070577
PCCB,4,-1.655297672026635,1.91554685070577
PHYH,4,-1.730687456885995,1.91554685070577
SLC25A16,4,-1.62077979533129,1.91554685070577
DPYSL5,4,1.7117027059168501,1.90988691437547
NEXN,4,1.8044847279923801,1.90988691437547
PCDHAC2,4,1.8044847279923801,1.90988691437547
UNC5D,4,1.748846004352665,1.90988691437547
CCT3,4,-1.7675481165575775,1.90912950832783
CCT5,4,-1.7675481165575775,1.90912950832783
CCT7,4,-1.7675481165575775,1.90912950832783
CCT8,4,-1.7675481165575775,1.90912950832783
EIF2S2,4,-1.6658539185835624,1.90242162986121
EIF3B,4,-1.6658539185835624,1.90242162986121
EIF3I,4,-1.6658539185835624,1.90242162986121
PCSK6,4,-1.6449374989146626,1.89972909435033
ARHGEF19,4,1.6883084081059725,1.89153060261138
DAAM1,4,1.73091786375197,1.89153060261138
FAT2,4,1.6395160031049176,1.88518252827797
PCDHB14,4,1.6535733799252574,1.88518252827797
N4BP2L2,4,1.602157604209875,1.86283688289286
GCSH,4,-1.54269488533724,1.86040108456275
IPCEF1,4,-1.6254841550591101,1.84987684047058
SRXN1,4,-1.6254841550591101,1.84987684047058
B2M,4,-1.7409767237691725,1.84493410178815
BAG4,4,-1.629621854505025,1.84493410178815
CMC1,4,-1.7271728866175076,1.84493410178815
CRYAB,4,-1.6111530028602776,1.84493410178815
HSP90AB1,4,-1.660716321814965,1.84493410178815
C1D,4,-1.7807085828987326,1.83877677179267
DDX21,4,-1.7807085828987326,1.83877677179267
DDX47,4,-1.7807085828987326,1.83877677179267
DDX49,4,-1.7807085828987326,1.83877677179267
EIF5B,4,-1.69420409076253,1.83877677179267
EXOSC2,4,-1.7807085828987326,1.83877677179267
FRG1,4,-1.7807085828987326,1.83877677179267
METTL18,4,-1.7807085828987326,1.83877677179267
MPHOSPH6,4,-1.7807085828987326,1.83877677179267
PIN4,4,-1.7807085828987326,1.83877677179267
PWP1,4,-1.7807085828987326,1.83877677179267
SUV39H1,4,-1.7807085828987326,1.83877677179267
YBEY,4,-1.7807085828987326,1.83877677179267
NUP93,4,1.68900972171185,1.83625629417504
BNIP3,4,-1.6012989096561374,1.81161855842197
ASS1,4,1.597623119799005,1.80135950990491
GABRB1,4,1.62154057549956,1.80068983496047
DNM3,4,1.6324379497057875,1.80064080740009
B4GALT1,4,-1.56364673837714,1.79223133789336
HOMER2,4,1.6117540155930474,1.79200868483243
DDX1,4,-1.54059146781566,1.75016032444523
NOL3,4,-1.6453549102740574,1.75016032444523
DYNLT3,4,1.5643161806088726,1.74903722501896
RAD21,4,1.5895940155606474,1.74903722501896
SPC25,4,1.58156753093699,1.74903722501896
MMP11,4,1.5852482412165925,1.74421674271642
PTGS2,4,1.56697055791945,1.74421674271642
B4GALT5,4,1.623498784664195,1.74404340020384
KIF13B,4,1.638990370654745,1.74404340020384
CENPK,4,1.63976713171585,1.72991752580885
RRS1,4,1.63976713171585,1.72991752580885
APOB,4,1.57800908462766,1.72069478474295
ROM1,4,1.5580316200534376,1.71993834048805
GDF6,4,1.63840459321532,1.71800106759615
ZBTB17,4,1.4717112329666475,1.7039776876654
ALDH5A1,4,-1.4925420280466626,1.70139533812548
MTHFS,4,-1.4925420280466626,1.70139533812548
NIT2,4,-1.4925420280466626,1.70139533812548
REG3G,4,1.5549327686204826,1.69702146411043
CD24,4,1.6378660855062426,1.6928118403035
PYGO1,4,1.613831196687425,1.6928118403035
SHISA6,4,1.66052906242979,1.6928118403035
TSC2,4,1.5653165719927125,1.6928118403035
BACE2,4,-1.5736707422671126,1.69173038530956
CASP3,4,-1.4980885514763524,1.69173038530956
KDSR,4,-1.6628118922993524,1.69173038530956
C1QTNF3,4,1.608200854055235,1.68345701223339
GNAO1,4,1.532707814977815,1.68345701223339
RIMS3,4,1.582786602074435,1.68345701223339
TACR2,4,1.5850785988255025,1.68345701223339
ZNF219,4,1.57010660003903,1.68285375720644
L3MBTL2,4,1.5606351841266801,1.67955295230531
MEF2D,4,1.5718072294369525,1.67119554137631
TMX1,4,-1.4730544755770474,1.66609908485606
GEM,4,1.523721535882275,1.66459897472865
FBXO41,4,1.521097482333615,1.66262763371911
SCN4A,4,1.6453192921208726,1.66254396014832
SLC12A4,4,1.49559996595765,1.66066376954317
DUOXA2,4,-1.5406578463226226,1.65779177487509
MELK,4,1.477319020507715,1.65765867730336
SPRED3,4,1.5330509701228876,1.65484249430478
BMP3,4,1.51651326609872,1.6525463262626
MYO1C,4,1.5751355005089775,1.650166398517
PLEKHA1,4,1.5015714449083575,1.64899729633339
STON1,4,1.5346363767928775,1.64899729633339
C3AR1,4,1.55148280226918,1.64542662857529
EPDR1,4,1.55723942432334,1.64349980182751
CIT,4,1.557727595572185,1.63728352565637
UBE2S,4,1.4306943425813825,1.62682597963663
CAPS2,4,1.4799650464548926,1.6218566009659
ITGA9,4,1.4760460686466126,1.61805778494403
KCNMB2,4,1.4582174736444176,1.61805778494403
CDK2AP2,4,1.490760036581615,1.61722880878282
CTDSPL,4,1.490760036581615,1.61722880878282
FBXO7,4,1.490760036581615,1.61722880878282
GCNT4,4,-1.4993782396229474,1.61466206776013
PXDN,4,1.5537726594682426,1.60910072467136
SERPINH1,4,1.4910920966106551,1.60910072467136
PAWR,4,1.4717734780198874,1.60781758283448
ZNF358,4,1.4611555570428225,1.57304653212331
ACP5,4,1.481517058065865,1.5708005704922
FOXM1,4,1.4078274431233448,1.56498286352902
C6,4,1.4781726805417275,1.55675761559212
ECM1,4,1.5087593889204949,1.55675761559212
EPN1,4,1.4808798291088199,1.55675761559212
PTGIS,4,1.5134478490919876,1.55675761559212
SASH1,4,1.5147926762303425,1.55675761559212
TLR3,4,1.51863975511932,1.55675761559212
MEGF11,4,1.50027865655036,1.54791238278533
MERTK,4,1.52006688274954,1.54791238278533
NR2E3,4,1.46248241142673,1.54791238278533
TGIF2,4,1.4735895089573652,1.54791238278533
DHH,4,1.4819824414660325,1.5289340385825
DNMT1,4,1.519260556044315,1.52761263210832
HDAC8,4,1.4892027131887224,1.52761263210832
MIS18BP1,4,1.4892027131887224,1.52761263210832
TDRD3,4,1.4892027131887224,1.52761263210832
PARVB,4,1.48903835793187,1.52569212198789
HIBADH,4,-1.4481706892645674,1.5239099829971
LGALS9,4,1.428773640936445,1.51256417874173
NAB1,4,1.46557262690874,1.5070228458637
NAB2,4,1.46557262690874,1.5070228458637
PHEX,4,1.4510818677984476,1.5070228458637
CCNF,4,1.398973483848405,1.49328681586652
ATF4,4,-1.4372501975092775,1.48230430027206
ARHGEF10L,4,1.4669303311678925,1.47907796956183
ASAP3,4,1.4669303311678925,1.47907796956183
FCHSD1,4,1.4252890014318975,1.46245685370202
GBA2,4,1.4252890014318975,1.46245685370202
PLEKHG2,4,1.4252890014318975,1.46245685370202
PLEKHH2,4,1.4252890014318975,1.46245685370202
SSH3,4,1.4252890014318975,1.46245685370202
DAP3,3,-2.36769241625361,2.70059634875783
FASTK,3,-2.2131244726797568,2.70059634875783
MRPL12,3,-2.4891718068782867,2.70059634875783
MTIF3,3,-2.290389751747713,2.70059634875783
SUPV3L1,3,-2.2131244726797568,2.70059634875783
CHCHD2,3,-2.2911796636459134,2.34927142867772
COX6A1,3,-2.2911796636459134,2.34927142867772
COX7A2,3,-2.2911796636459134,2.34927142867772
COX7B,3,-2.2911796636459134,2.34927142867772
NAMPT,3,-2.1462016644558934,2.3475505154948
ADPGK,3,-2.1463530270313234,2.32100489087833
ATP6V1B2,3,-2.0023158703631934,2.32100489087833
CLPX,3,-1.8943680498803634,2.32100489087833
CMPK2,3,-2.25434543890369,2.32100489087833
PGM1,3,-2.1463530270313234,2.32100489087833
PPP2CA,3,-2.1463530270313234,2.32100489087833
COQ9,3,-2.21810251180904,2.29136114084974
POR,3,-1.9078190286573833,2.29136114084974
SDHA,3,-2.2209423408970865,2.29136114084974
SNCA,3,-2.21810251180904,2.29136114084974
CPNE1,3,-1.90024343980802,2.26421603341546
MTMR4,3,-1.90024343980802,2.26421603341546
PGS1,3,-1.90024343980802,2.26421603341546
PIK3C2B,3,-1.90024343980802,2.26421603341546
PIP5K1B,3,-1.90024343980802,2.26421603341546
RPL10A,3,-1.98599098724453,2.25824079623003
RPL12,3,-1.98599098724453,2.25824079623003
RPL15,3,-1.98599098724453,2.25824079623003
RPL18A,3,-1.98599098724453,2.25824079623003
RPL19,3,-1.98599098724453,2.25824079623003
RPL21,3,-1.98599098724453,2.25824079623003
RPL23,3,-1.98599098724453,2.25824079623003
RPL23A,3,-1.98599098724453,2.25824079623003
RPL28,3,-1.98599098724453,2.25824079623003
RPL29,3,-1.98599098724453,2.25824079623003
RPL31,3,-1.98599098724453,2.25824079623003
RPL32,3,-1.98599098724453,2.25824079623003
RPL34,3,-1.98599098724453,2.25824079623003
RPL36,3,-1.98599098724453,2.25824079623003
RPL37,3,-1.98599098724453,2.25824079623003
RPL39,3,-1.98599098724453,2.25824079623003
RPL4,3,-1.98599098724453,2.25824079623003
RPL6,3,-1.98599098724453,2.25824079623003
RPL8,3,-1.98599098724453,2.25824079623003
RPLP1,3,-1.98599098724453,2.25824079623003
RPLP2,3,-1.98599098724453,2.25824079623003
UBA52,3,-1.98599098724453,2.25824079623003
NDUFB6,3,-2.1671686183362064,2.23290642141028
AGL,3,-1.8630494677416134,2.22451074319049
MANBA,3,-1.8610519407404167,2.22451074319049
PYGL,3,-1.8630494677416134,2.22451074319049
TRAP1,3,-1.8548688660908768,2.20250733950987
BMP2,3,-1.8701128510154765,2.19832069256979
SPR,3,-2.0531150954265964,2.19832069256979
EIF2AK1,3,-1.80072643831267,2.1103327405401
TIMM17A,3,-1.91471399163507,2.1103327405401
TIMM23,3,-1.91471399163507,2.1103327405401
LSM11,3,-1.68903258419856,2.10574794530627
SNRPE,3,-1.7955046579344567,2.10574794530627
NOM1,3,-1.8951438170946333,2.096494355046
RPS19BP1,3,-1.8951438170946333,2.096494355046
UTP15,3,-1.9143532727655332,2.096494355046
GRSF1,3,-1.6561604013916833,2.07657418136766
MT1X,3,-1.8483402772590467,2.06549878939657
SLC30A1,3,-1.8483402772590467,2.06549878939657
DGAT1,3,-1.86416171485649,2.0494688417329
APOO,3,-1.7833594804507134,2.04942482875301
APOOL,3,-1.7833594804507134,2.04942482875301
CHCHD10,3,-1.7833594804507134,2.04942482875301
IMMT,3,-1.7833594804507134,2.04942482875301
SLC25A46,3,-1.7833594804507134,2.04942482875301
CREG1,3,-1.9667178792073101,2.02642509382659
LAMP2,3,-1.9667178792073101,2.02642509382659
TMEM9,3,-1.9667178792073101,2.02642509382659
HINT2,3,-1.7878824906049133,2.02223800619612
DHRS3,3,-1.8256391304623165,2.01714960069058
RETSAT,3,-1.8256391304623165,2.01714960069058
SCPEP1,3,-1.8012739368068333,2.01714960069058
PSMA1,3,-1.6921509495909801,2.01640347104632
PSMA2,3,-1.6921509495909801,2.01640347104632
PSMA4,3,-1.6921509495909801,2.01640347104632
PSMA5,3,-1.6921509495909801,2.01640347104632
PSMA6,3,-1.6921509495909801,2.01640347104632
PSMB1,3,-1.6921509495909801,2.01640347104632
PSMB3,3,-1.6921509495909801,2.01640347104632
PSMB7,3,-1.6921509495909801,2.01640347104632
BCAP31,3,-1.72530509297081,2.0132496647495
COPA,3,-1.77470310334717,2.0132496647495
COPB1,3,-1.77470310334717,2.0132496647495
COPB2,3,-1.77470310334717,2.0132496647495
GAS1,3,-1.6691689626337733,2.0132496647495
GOSR2,3,-1.77470310334717,2.0132496647495
SEC24A,3,-1.6719396533328934,2.0132496647495
TRAPPC3,3,-1.77470310334717,2.0132496647495
VTI1A,3,-1.77470310334717,2.0132496647495
HSPA5,3,-1.7888981459042532,2.00459517895
SEC61B,3,-1.9114095723336733,2.00459517895
SEC61G,3,-1.9114095723336733,2.00459517895
SEC63,3,-1.9114095723336733,2.00459517895
SRP14,3,-1.9114095723336733,2.00459517895
SRP19,3,-1.9114095723336733,2.00459517895
SRP54,3,-1.9114095723336733,2.00459517895
SRP68,3,-1.9114095723336733,2.00459517895
SRP72,3,-1.9114095723336733,2.00459517895
SRP9,3,-1.9114095723336733,2.00459517895
SRPRB,3,-1.9114095723336733,2.00459517895
SSR3,3,-1.9114095723336733,2.00459517895
TRAM1,3,-1.9114095723336733,2.00459517895
MPP1,3,-1.8780776061249633,2.00281478354479
COQ3,3,-1.6781635863563167,1.97238216203778
IGF2,3,-1.6057182568661834,1.96946122274348
PPP1R3G,3,-1.6057182568661834,1.96946122274348
FUCA2,3,-1.6037207298649867,1.96346864173989
GALC,3,-1.7278316131928566,1.96346864173989
STT3B,3,-1.79012068246446,1.96346864173989
LYRM2,3,-1.8363288231290034,1.96239418167974
NDUFAF2,3,-1.8363288231290034,1.96239418167974
TIMMDC1,3,-1.8363288231290034,1.96239418167974
ALG1,3,-1.7882495966580267,1.95785538432059
ALG10,3,-1.7882495966580267,1.95785538432059
ALG3,3,-1.7882495966580267,1.95785538432059
ALG5,3,-1.7882495966580267,1.95785538432059
ALG8,3,-1.7882495966580267,1.95785538432059
DPAGT1,3,-1.7882495966580267,1.95785538432059
MPDU1,3,-1.7733182143611166,1.95785538432059
SIL1,3,-1.77065964317929,1.94987967077511
CINP,3,-1.8411095481357167,1.93439154816925
HEATR3,3,-1.8411095481357167,1.93439154816925
NOP16,3,-1.8411095481357167,1.93439154816925
SDAD1,3,-1.8411095481357167,1.93439154816925
TMEM165,3,-1.7741649932275134,1.91560157402905
ABCC2,3,-1.6660198677947067,1.91554685070577
ABCD3,3,-1.7404514964728333,1.91554685070577
CCDC93,3,-1.7015916421255366,1.91554685070577
ECHDC1,3,-1.7404514964728333,1.91554685070577
ECI2,3,-1.7404514964728333,1.91554685070577
GRHPR,3,-1.7873426298558635,1.91554685070577
SLC6A8,3,-1.5971295986718668,1.91554685070577
VNN1,3,-1.6660198677947067,1.91554685070577
XYLB,3,-1.7404514964728333,1.91554685070577
ABLIM1,3,1.7775854612305166,1.90988691437547
ARHGEF40,3,1.7775854612305166,1.90988691437547
CHN1,3,1.7775854612305166,1.90988691437547
EPHA6,3,1.7775854612305166,1.90988691437547
KALRN,3,1.7775854612305166,1.90988691437547
KIF5C,3,1.7775854612305166,1.90988691437547
KIFC2,3,1.7775854612305166,1.90988691437547
NELL2,3,1.7775854612305166,1.90988691437547
NFASC,3,1.7775854612305166,1.90988691437547
PLEKHG4B,3,1.7775854612305166,1.90988691437547
SEMA6B,3,1.74809412032852,1.90988691437547
TUBB3,3,1.7775854612305166,1.90988691437547
UNC5C,3,1.7775854612305166,1.90988691437547
RUVBL1,3,-1.7299651789416433,1.90912950832783
SHQ1,3,-1.7299651789416433,1.90912950832783
DHX36,3,-1.73064017500624,1.90242162986121
DHX9,3,-1.72772921945277,1.90242162986121
EIF3K,3,-1.63775178329634,1.90242162986121
FTSJ1,3,-1.59153602264081,1.90242162986121
NCBP2,3,-1.62439494728498,1.90242162986121
CCDC47,3,-1.7526696784779368,1.89590977667105
NMD3,3,-1.8269177733368467,1.89181622377264
CDH12,3,1.7054919780395232,1.88518252827797
CLSTN3,3,1.73016538049242,1.88518252827797
EPCAM,3,1.7425595694813967,1.86283688289286
TXNDC17,3,-1.73633771754433,1.84987684047058
CCT6A,3,-1.7203543193008266,1.84493410178815
DNAJA3,3,-1.6914117560854633,1.84493410178815
PPIA,3,-1.55167424212207,1.84493410178815
RP2,3,-1.61306377497999,1.84493410178815
STC2,3,-1.5348109048542566,1.84038388793517
TG,3,-1.6093527804586534,1.84038388793517
VPS52,3,1.6145534712369933,1.80135950990491
GRID2IP,3,1.6845508607952167,1.80068983496047
ATR,3,-1.6932432425456065,1.79896369913972
GANAB,3,-1.60068994764812,1.79223133789336
FOSB,3,1.5878530167129332,1.79200868483243
CHST10,3,1.5978800175426,1.77084630897062
PSMD14,3,-1.5123804813012767,1.76712591012317
RBM47,3,-1.57615857247086,1.76712591012317
EPHB4,3,1.6245768736732367,1.75522565274067
CLP1,3,-1.5607126184289,1.75016032444523
DICER1,3,-1.5607126184289,1.75016032444523
SNIP1,3,-1.5904337415049632,1.75016032444523
KNTC1,3,1.6137640480356235,1.74903722501896
MAD2L1,3,1.6137640480356235,1.74903722501896
CDS1,3,1.6500285086083866,1.74421674271642
CREBL2,3,1.6500285086083866,1.74421674271642
JDP2,3,1.5772974133983366,1.74421674271642
LPL,3,1.6500285086083866,1.74421674271642
CSPG5,3,1.6388089663043235,1.74404340020384
RBM24,3,1.6400468498891034,1.74215195613157
ZFHX3,3,1.5848806791126167,1.74215195613157
PRLR,3,1.58899338607914,1.72139590697554
SMURF2,3,1.6242666464288034,1.71800106759615
EID2,3,1.55848088774643,1.7150199906221
SPSB3,3,1.6273916454526833,1.71327800207742
CASP6,3,-1.6059395898579134,1.71213600949363
GSK3B,3,-1.5652766832966667,1.71213600949363
PARL,3,-1.6382915714846533,1.71213600949363
SLC25A4,3,-1.6533904129945967,1.71213600949363
SLC16A2,3,1.5687146465767168,1.71074375644557
MTRR,3,-1.5914110449596532,1.70139533812548
DNM3OS,3,1.6222816248760232,1.69814864501545
POU2F1,3,1.6662102870034132,1.69814864501545
AMOTL1,3,1.6289509938506632,1.6928118403035
APCDD1L,3,1.6369131764547733,1.6928118403035
FBXW4,3,1.5290153825106,1.6928118403035
HIC1,3,1.6369131764547733,1.6928118403035
SHISA2,3,1.5995965559688767,1.6928118403035
TCF7L1,3,1.65300529530686,1.6928118403035
CTSZ,3,-1.5600069671027734,1.69173038530956
ETHE1,3,-1.5914143793293034,1.69173038530956
GSTT2,3,-1.5914143793293034,1.69173038530956
PRCP,3,-1.5600069671027734,1.69173038530956
PREP,3,-1.5600069671027734,1.69173038530956
PARD3B,3,1.57078635212826,1.69144924519436
MMP24,3,1.58592340703412,1.68528887324602
AKAP12,3,1.52891726897071,1.68345701223339
FAAH,3,1.5480325361921001,1.68345701223339
GRIK1,3,1.5618241556792567,1.68345701223339
SNCG,3,1.5662288609161967,1.68345701223339
TSHZ3,3,1.6236735107897367,1.68345701223339
CHD3,3,1.54391118376266,1.67955295230531
KNDC1,3,1.5835904976261268,1.67882606911224
UNK,3,1.5645466148322766,1.67882606911224
CAPN1,3,1.6027666909354332,1.66846904776155
VIT,3,1.5884816405457267,1.66741771049008
PMF1,3,1.5670210249918732,1.66459897472865
FILIP1,3,1.5450402869865534,1.66262763371911
FAM20C,3,1.5325395842214833,1.66109874609714
HEY2,3,1.5557775251703534,1.65484249430478
ERC1,3,1.5960965084088468,1.65386874551891
ATXN3,3,1.51053437203383,1.64930366007645
CSPG4,3,1.5921851608059032,1.64899729633339
CSRNP1,3,1.5099106609747,1.64899729633339
COL4A4,3,1.6174238758412534,1.64547553159722
IFT27,3,1.57561517440986,1.64547553159722
HCRTR1,3,1.4811427561277968,1.64542662857529
TSKU,3,1.5441927371242568,1.64399079621637
SLC29A1,3,1.5236819697856434,1.63005140522484
ADAMTS4,3,1.5386904508217734,1.62942077410788
RAD1,3,1.5027424991388434,1.62838339536599
ERBB3,3,1.55413366303642,1.6218566009659
VSIG10,3,1.5763703304743533,1.6218566009659
CISH,3,1.56402589554011,1.6214402424485
EPHX2,3,1.56402589554011,1.6214402424485
MUC12,3,1.56402589554011,1.6214402424485
OGFR,3,1.56402589554011,1.6214402424485
DES,3,1.5174789731196667,1.61805778494403
GSTM2,3,1.54405955796188,1.61805778494403
OXTR,3,1.5098903502984866,1.61805778494403
POFUT1,3,-1.4874518718717333,1.61466206776013
TYW3,3,-1.4956161686071168,1.61466206776013
ADAMTS13,3,1.5175481343049666,1.60910072467136
ADAMTS18,3,1.5527776740936168,1.60910072467136
ECM2,3,1.5175481343049666,1.60910072467136
DACH1,3,1.4463106861216668,1.60781758283448
CATSPERG,3,1.4986319771390166,1.59768109257646
L3MBTL3,3,1.5276842111811233,1.59768109257646
DDX11,3,1.51201038226798,1.59393480187533
PKN2,3,1.5073001486721134,1.59393480187533
USP19,3,1.5468812398269634,1.59393480187533
BPHL,3,-1.4508107106836068,1.56596365826171
CLSPN,3,1.48160898852652,1.56498286352902
RNASEH2B,3,1.48160898852652,1.56498286352902
ZFYVE19,3,1.48160898852652,1.56498286352902
ADAM12,3,1.5201681935004767,1.55675761559212
BCAM,3,1.5001004312785533,1.55675761559212
KLF2,3,1.5201453145064834,1.55675761559212
PLCG1,3,1.5201681935004767,1.55675761559212
STIM1,3,1.5201681935004767,1.55675761559212
PCNT,3,1.5119011962595166,1.54963139603455
SBDS,3,1.5119011962595166,1.54963139603455
CTNS,3,1.4808684223862634,1.54791238278533
MAB21L2,3,1.4568066909048267,1.54791238278533
RPGR,3,1.5040627132419,1.54791238278533
SLC25A25,3,1.50859536477294,1.54791238278533
SLC25A27,3,1.4844446804039666,1.54791238278533
TOPORS,3,1.5040627132419,1.54791238278533
VIM,3,1.5223945774486367,1.54791238278533
FBF1,3,1.5223047812616666,1.54600453259458
LAMA3,3,1.4637100902715168,1.54600453259458
MICALL2,3,1.4991292909241134,1.54600453259458
TESK2,3,1.4965160702793734,1.54600453259458
THSD1,3,1.4965160702793734,1.54600453259458
RAD9A,3,1.4745050960465367,1.54367118608907
TYRO3,3,1.46055728655444,1.54210874691293
RAD51D,3,1.44475612508205,1.53112845720225
RAD54L,3,1.44475612508205,1.53112845720225
SLX4,3,1.44475612508205,1.53112845720225
TPM4,3,1.4994712460494066,1.5289340385825
VCAN,3,1.4711689127107601,1.5289340385825
BAHD1,3,1.5209959280671368,1.52761263210832
BCORL1,3,1.5209959280671368,1.52761263210832
CBX2,3,1.5209959280671368,1.52761263210832
CBX6,3,1.5209959280671368,1.52761263210832
CBX7,3,1.5209959280671368,1.52761263210832
CBX8,3,1.5209959280671368,1.52761263210832
CIZ1,3,1.5209959280671368,1.52761263210832
CREBZF,3,1.5173679250175733,1.52761263210832
ERI2,3,1.5209959280671368,1.52761263210832
KDM5A,3,1.5209959280671368,1.52761263210832
MAX,3,1.5209959280671368,1.52761263210832
PHC1,3,1.5209959280671368,1.52761263210832
PHF1,3,1.5209959280671368,1.52761263210832
PHF2,3,1.5209959280671368,1.52761263210832
RBM15B,3,1.5209959280671368,1.52761263210832
SETDB1,3,1.5209959280671368,1.52761263210832
SPIN1,3,1.5209959280671368,1.52761263210832
TNRC18,3,1.5209959280671368,1.52761263210832
ZNF512,3,1.5209959280671368,1.52761263210832
PPP2R1B,3,1.4656521046100532,1.51815526563559
GPC2,3,1.51639466298274,1.51795143473642
KIDINS220,3,1.51639466298274,1.51795143473642
SF3A2,3,1.51639466298274,1.51795143473642
BOLA3,3,-1.4549529016098934,1.51716515697461
IGDCC4,3,1.4776121564364935,1.51405443997585
PRTG,3,1.4776121564364935,1.51405443997585
TRIM11,3,1.4776121564364935,1.51405443997585
ARHGEF5,3,1.4888032904431234,1.51256417874173
CRTC1,3,1.4259670659568566,1.51256417874173
TET1,3,1.4790982062581366,1.51192696420267
MN1,3,1.38473769490978,1.5070228458637
DISP1,3,1.4817457789370434,1.50157989911724
ETNK2,3,1.44067558474711,1.49328681586652
SPRY4,3,1.4518473960404334,1.48892648647574
TMEM8B,3,1.44107868200314,1.48892648647574
MARCKS,3,1.4761807070072865,1.48700729775801
NAT8L,3,-1.42292425802039,1.48230430027206
SERINC3,3,-1.42292425802039,1.48230430027206
MTFMT,3,-1.4508048180123867,1.48022801597594
MYL9,3,1.47210084876322,1.47907796956183
SYNPO2L,3,1.4684214903231834,1.47907796956183
TNFAIP1,3,1.47210084876322,1.47907796956183
CNN2,3,1.4628811183699133,1.47476772302581
FBXO6,3,1.3964309449783199,1.46387152372192
GNB1L,3,1.3964309449783199,1.46387152372192
USP28,3,1.3964309449783199,1.46387152372192
NCK2,3,1.4172057126883832,1.46245685370202
SLC2A1,3,-1.4023287995827534,1.4525171105642
KCNK6,3,1.3864148077410667,1.44469756224478
