"Regulator","Target_Count","Overlap","OddsRatio","PValue","OverlapGenes","FDR"
"TP53",164,51,2.43755762729229,0.00000169232279729455,"BCL2;EGFR;CDK1;CCNB1;BIRC5;PLK1;NME1;MAD1L1;DUSP1;TP53;THBS1;BRCA1;AKT1;CHEK1;TCF7L2;S100B;EGR1;RB1;E2F7;ESR1;CDK2;BRCA2;GSTP1;PLK3;ID1;E2F1;IGFBP3;ING1;GPNMB;IER3;PRC1;RAD51B;STAT3;CCNA2;BTG2;XPC;PTPN13;ATF3;ALOX5;MKI67;RELA;PTTG1;PTEN;CRYAB;HSP90AB1;CASP3;FOXM1;DNMT1;KLF2;VCAN;SLC2A1",0.000776776163958197
"HIF1A",83,29,2.82515537141166,0.0000314939314823322,"PGK1;ENO1;ALDOA;CDH1;GAPDH;TGFB3;LDHA;EDNRB;PFKFB3;PFKFB4;PIK3CA;HBEGF;ERCC2;ACE;PTGES;NR4A1;STAT3;RORA;XPC;NR3C1;MIF;WASF3;SDHB;BNIP3;ASS1;TUBB3;SLC29A1;VIM;SLC2A1",0.00722785727519523
"HDAC1",71,24,2.66699296010727,0.000276202159270232,"EGFR;SNAI2;KLF4;BIRC5;CDH1;TP53;HMGCS1;EGR1;FOS;ESR1;BRCA2;E2F1;IGFBP3;STAT3;SFRP1;RHOB;TJP1;CCND2;SMAD7;PTGS2;DNMT1;EIF2AK1;HSPA5;EPCAM",0.0422589303683456
"BRCA1",57,19,2.59745160499878,0.00144688327724327,"IGF1;EGFR;CCNB1;SIRT1;ASPM;CDH3;HMGA2;DDIT3;EGR1;FOS;ESR1;BRCA2;CASR;STAT3;XPC;MDC1;JAK1;HSPA5;MAD2L1",0.109114388063783
"EGR1",88,26,2.18731882202305,0.0016027465421671,"FN1;EGFR;PDGFB;MMP14;TP53;WNT4;IMPDH2;AKR1B1;ACE;PTGES;F3;MYB;HPSE;PDGFC;ATF3;CCND2;GGPS1;ALOX5;STMN1;PTEN;PTGS2;UBE2S;NAB2;POR;IGF2;STIM1",0.109114388063783
"ESR1",76,23,2.25877281525728,0.00208631835030119,"BCL2;EGFR;CDH1;TP53;JUN;BRCA1;FOXP1;FOS;ESR1;E2F1;CCNA2;BTG2;DCT;NQO1;AMH;CEBPB;KRT19;BLM;JUNB;KDR;CRHBP;CD24;ZFHX3",0.109114388063783
"ABL1",10,6,7.29259710380295,0.00240420176479213,"BCL2;TP53;JUN;PIM1;CSF1;CCND2",0.109114388063783
"MYC",100,28,2.02825189721741,0.0026188950201989,"BCL2;PGK1;CCNB1;LDHA;TP53;AXIN2;CHEK1;CDH3;UBE2C;BRD7;CDK6;CDK2;IER3;CCNA2;SFRP1;MAPK1;ATF3;CCND2;JUNB;NOL7;PRDX3;PROM1;HSPA4;DDX18;EBNA1BP2;TFAM;ASS1;FOXM1",0.109114388063783
"RB1",31,12,3.26059395898704,0.00268219131392578,"IGF1;FGFR1;CDK1;BIRC5;CDH1;BRCA1;DDIT3;RB1;FOS;E2F1;DNMT3A;EBNA1BP2",0.109114388063783
"ELK1",20,9,4.1871965857562,0.00275688945484854,"SRF;PDGFB;PSEN1;ERBB2;FOS;PTPRZ1;ZFP36;DAP3;EIF2AK1",0.109114388063783
"E2F1",134,35,1.84938453736573,0.00296866990797434,"FGFR1;BCL2;CDK1;CCNB1;BIRC5;PLK1;CDKN1C;DUSP1;TP53;CTNNBIP1;CDC6;THBS1;BRCA1;ULK1;CHEK1;DDIT3;RB1;FSHR;KIF2C;E2F1;MYBL2;TNFSF11;MYB;WWOX;TOP2A;KDR;PEG10;RRM1;PCSK6;FOXM1;TLR3;DNMT1;HSPA5;NELL2;HIC1",0.109114388063783
"HDAC4",24,10,3.6741315689019,0.00322301991742328,"SMAD4;KLF4;IL10;JUN;WT1;PTGES;VCAM1;PTGS2;TGIF2;ATF4",0.109114388063783
"BCL3",5,4,15.0945454545455,0.00332810769693455,"EGFR;MYB;CTCF;RELA",0.109114388063783
"FOXL2",5,4,15.0945454545455,0.00332810769693455,"SIRT1;STAR;CYP11A1;CCND2",0.109114388063783
"KLF8",8,5,7.91824336052769,0.00457110592881058,"FN1;CDH1;MMP14;CDH2;VIM",0.117912768470507
"PARP1",25,10,3.43542435424354,0.00458817709099796,"BCL2;FN1;CDH1;IL10;JUN;BRCA2;FOXO1;E2F1;RELA;VIM",0.117912768470507
"PGR",25,10,3.43542435424354,0.00458817709099796,"BCL2;EGFR;IL10;DUSP1;ERBB2;ESR1;IGFBP1;E2F1;RELA;PTGS2",0.117912768470507
"TRIM16",3,3,35.1523579201935,0.0046240301360983,"E2F1;DES;VIM",0.117912768470507
"SMAD4",26,10,3.22565134742256,0.00637019278233449,"BCL2;UCP2;JUN;SKIL;FSTL3;GLI1;ZFP36;SMAD7;POR;DACH1",0.142219538053011
"NRF1",15,7,4.45701357466063,0.00649839519853823,"NQO1;FXR2;IDE;PRDX3;SDHB;SLC46A1;COX6A1",0.142219538053011
"YBX1",30,11,2.99234879382845,0.00650677625079135,"EGFR;CDC20;CCNB1;CDH1;ERBB2;AGT;E2F1;RBBP8;TOP2A;ERBB3;RAD9A",0.142219538053011
"GLI1",19,8,3.73726784098771,0.00773300281389805,"SOX9;SMAD4;BCL2;JUN;AKT1;EGR2;CDK2;SFRP1",0.149384777353373
"APC",12,6,5.04384896467722,0.00783705403072249,"KLF4;BIRC5;AKT1;SGK1;PTGS2;DNMT1",0.149384777353373
"TWIST1",35,12,2.70033926833759,0.00838163529074944,"BCL2;FN1;CDH1;FOS;ESR1;F2R;MYB;MAPK1;CDH2;AKR1C2;DNM3;ERBB3",0.149384777353373
"E2F4",23,9,3.31605669557859,0.00839686497943544,"CCNB1;BIRC5;PLK1;TTK;BRCA1;CDK2;LTBP4;PLK4;PEG10",0.149384777353373
"DNMT3A",9,5,6.15566356149588,0.00888718409282292,"JUP;IGFBP3;SFRP5;SFRP1;SETDB1",0.149384777353373
"PPARG",66,19,2.09600794438927,0.0090419812279454,"BCL2;EGFR;JAG1;KLF4;TP53;CSF1;CAT;NOTCH4;HMOX1;GK;AGER;VLDLR;NR1H3;PTEN;DBI;PTGS2;APOB;TG;POU2F1",0.149384777353373
"WT1",57,17,2.20267618473709,0.00911279687558704,"IGF1;BCL2;EGFR;SNAI2;CDH1;JUN;THBS1;PDGFA;HBEGF;MYB;AMH;JUNB;CTCF;DNMT3A;NDRG2;IGF2;STIM1",0.149384777353373
"CREB1",90,24,1.88716057660074,0.0100301064970399,"SOX9;BCL2;SNAI2;GSK3A;SMAD6;NDC80;IL10;JUN;PSEN1;NR4A3;ACACA;ERBB2;FOS;PTGES;HMOX1;XPC;HPGD;CYP11A1;PPM1D;STMN1;PTGS2;PPP2CA;GSK3B;CRTC1",0.158752375246252
"AR",93,24,1.80300600284104,0.015191416719077,"FN1;EGFR;CDH1;JUN;CDC6;AKT1;TCF7L2;ERBB2;CDK6;SRD5A3;IGFBP3;HMOX1;ALDH1A3;BTG2;CDH2;TJP1;CYP7B1;RELA;PTEN;PTGS2;TSC2;ERBB3;STIM1;VIM",0.212374419236672
"SNAI1",10,5,5.03402187120292,0.0153701664208537,"FN1;CDH1;THBS1;HBEGF;CDH2",0.212374419236672
"TFAP2C",10,5,5.03402187120292,0.0153701664208537,"CRABP2;ERBB2;ESR1;GPX1;ECM1",0.212374419236672
"ZNF382",10,5,5.03402187120292,0.0153701664208537,"JUN;HMGA2;CDK6;ID1;STAT3",0.212374419236672
"CEBPA",51,15,2.15819103021205,0.0159037297281597,"IGF1;BCL2;FN1;GAPDH;MAD1L1;IL10;INSR;CSF1;STAR;ID1;STAT3;SOCS3;VLDLR;HSPA4;IGF2",0.212374419236672
"ZNF350",4,3,11.7118097541314,0.0161943233010723,"HMGA2;TRIM28;RBBP8",0.212374419236672
"E2F6",7,4,6.46285714285714,0.0175821959280905,"BRCA1;BRD7;E2F1;CYC1",0.212374419236672
"HSF2",7,4,6.46285714285714,0.0175821959280905,"FOS;TNFSF11;TXN;HSPA4",0.212374419236672
"NCOR1",7,4,6.46285714285714,0.0175821959280905,"IGF1;SNAI2;ESR1;IGFBP3",0.212374419236672
"TFAP2A",71,19,1.89171608265948,0.0201079999540272,"BCL2;EGFR;CCNB1;CDH1;CRABP2;IGFBP5;ERBB2;IMPDH2;SOD2;HMOX1;F2R;NR3C1;NME3;CYP11A1;PTEN;HSD17B1;CRYAB;PTGS2;ECM1",0.234108002596406
"FOXO3",18,7,3.28953655040612,0.0204015688537173,"MYOCD;BIRC5;SIRT1;PIK3CA;GALT;CCND2;FOXM1",0.234108002596406
"ATF4",35,11,2.3758776013488,0.0226043674579949,"NDC80;SIRT1;APOE;DDIT3;IGFBP1;SIGMAR1;CEBPB;ATF3;DDR2;PTGS2;HSPA5",0.245487285528062
"STAT3",142,33,1.56956772814679,0.0239694892274416,"BCL2;EGFR;BIRC5;CDH1;NME1;UCP2;IL10;MMP14;TP53;PRDM1;AKT1;DDIT3;PIM1;FOS;HMOX1;F2R;SOCS3;PTPN13;ABCA1;MDC1;CCND2;JUNB;ZFP36;ESR2;HSPA4;LTBP1;PTEN;PTGS2;DNMT1;POU2F1;AKAP12;FAAH;CISH",0.245487285528062
"DNMT1",31,10,2.46949283446323,0.024335146669426,"BIRC5;CDH1;TP53;RB1;ESR1;SFRP5;SFRP1;PROM1;BMP2;EPCAM",0.245487285528062
"MECP2",11,5,4.25750070100009,0.0243859174290136,"CDKL5;DLX5;ESR1;IGFBP3;ALOX5",0.245487285528062
"SP4",11,5,4.25750070100009,0.0243859174290136,"BIRC5;ERBB2;KDR;RELA;ASS1",0.245487285528062
"SREBF1",27,9,2.59403084065661,0.0259237148478261,"HK2;ACLY;FASN;FDPS;LPIN1;PCSK9;HMOX1;FDFT1;SCD",0.245487285528062
"PTTG1",15,6,3.44605423424579,0.0271928321485989,"CDK1;CCNB1;ID3;DOCK1;KDR;RHOA",0.245487285528062
"HOXC11",2,2,25.0482509047045,0.0278111957460985,"S100B;LCT",0.245487285528062
"JDP2",2,2,25.0482509047045,0.0278111957460985,"DDIT3;ATF3",0.245487285528062
"MTA2",2,2,25.0482509047045,0.0278111957460985,"CDH1;FSHR",0.245487285528062
"POU4F1",2,2,25.0482509047045,0.0278111957460985,"HPSE;HSP90AA1",0.245487285528062
"SKIL",2,2,25.0482509047045,0.0278111957460985,"SMAD7;ADAM12",0.245487285528062
"PAX8",8,4,5.02424242424242,0.0305932859273704,"TP53;WT1;E2F1;TG",0.260042930382649
"SOX4",8,4,5.02424242424242,0.0305932859273704,"AXIN2;HDAC8;DHX9;DICER1",0.260042930382649
"GABPA",5,3,7.02370012091898,0.0354936467072788,"ERBB2;RPS3A;OXTR",0.276128539637983
"IFI16",5,3,7.02370012091898,0.0354936467072788,"TP53;BRCA1;WT1",0.276128539637983
"KAT5",5,3,7.02370012091898,0.0354936467072788,"GMPS;STAT3;HDC",0.276128539637983
"LMO4",5,3,7.02370012091898,0.0354936467072788,"BRCA1;DLG4;ESR1",0.276128539637983
"TBX5",5,3,7.02370012091898,0.0354936467072788,"GJA5;NPPA;ITGA9",0.276128539637983
"SF1",12,5,3.68805184285136,0.0362065341420788,"SOX9;STAR;AMH;CYP11A1;HSD3B2",0.276950315717804
"SREBF2",20,7,2.79948446615113,0.0368060332435426,"ACOT7;HMGCR;FDPS;PCSK9;FDFT1;ABCA1;MTTP",0.276950315717804
"NFE2L2",16,6,3.11635055971231,0.0375542535072849,"BRCA1;SOD2;CAT;HMOX1;NQO1;SDHB",0.278022618707158
"SP1",472,92,1.27094347110383,0.0423097086658901,"SOX9;FGFR1;BCL2;EGFR;LRP5;PDGFB;BIRC5;APLNR;IL10;MMP14;LDHA;SIRT1;APOE;EDNRB;PSEN1;BRCA1;NDUFV2;FBP1;CDH3;INSR;ERBB2;HMGA2;APOA1;BRD7;WT1;EGR1;CDK6;FOS;IMPDH2;SOD2;CAT;TNNI3;AGT;ESR1;HBEGF;STAR;GSTP1;KIF2C;IGFBP1;E2F1;IGFBP3;PTGES;NR4A1;MYBL2;F2R;CCNA2;F3;RORA;PLAA;XPC;LTBP4;KRT19;FXR2;C1QBP;ABCA1;MIF;CDH2;FBLN1;PDGFC;KCTD11;CCND2;DHCR24;NOL7;DNMT3A;ALOX5;KDR;CYP7B1;PROM1;GM2A;ACO1;RPS3A;RELA;PTTG1;PTEN;SLC19A3;SREBF1;HSD17B1;HSD3B1;B4GALT1;MMP11;PTGS2;B4GALT5;BACE2;CASP3;FOXM1;DNMT1;POR;IGF2;LPL;SLC29A1;OXTR;VIM",0.308256448851485
"TCF4",25,8,2.44878475257912,0.0442623991583204,"BCL2;KLF4;BIRC5;JUN;WNT4;PTEN;VIM;VCAN",0.312560634056447
"TWIST2",25,8,2.44878475257912,0.0442623991583204,"FN1;CDH1;FOS;F2R;MYB;CDH2;AKR1C2;ERBB3",0.312560634056447
"HIC1",9,4,4.10876033057851,0.0479581673950084,"SIRT1;E2F1;STAT3;VLDLR",0.325118544390574
"FOXM1",17,6,2.84398665466292,0.0501297838506806,"CCNB1;CDH1;APOE;CDC6;CDC25B;BTG2",0.325118544390574
"HMGA1",17,6,2.84398665466292,0.0501297838506806,"CDH1;TP53;BRCA1;INSR;CRYAB;PTGS2",0.325118544390574
"E2F3",13,5,3.25259095132585,0.0509989873553842,"CDK1;CCNB1;PLK1;CDC6;CCNA2",0.325118544390574
"HDAC7",13,5,3.25259095132585,0.0509989873553842,"ESR1;NR4A1;HDC;MEF2D;AKAP12",0.325118544390574
"KLF5",13,5,3.25259095132585,0.0509989873553842,"CCNB1;BIRC5;FASN;FOXO1;MYH11",0.325118544390574
"NFYC",13,5,3.25259095132585,0.0509989873553842,"FOS;FDPS;LPIN1;FXR2;CCND2",0.325118544390574
"ARID3A",6,3,5.01451027811366,0.0623176627537019,"CDK1;CDC6;E2F1",0.381384096052656
"MBD1",6,3,5.01451027811366,0.0623176627537019,"ALOX5;IGF2;SETDB1",0.381384096052656
"PAX2",6,3,5.01451027811366,0.0623176627537019,"TP53;ERBB2;WT1",0.381384096052656
"USF1",65,16,1.68747399084478,0.0634914928179519,"TGFB2;EXT1;CCNB1;FBP1;AGT;BRCA2;HMOX1;SCN9A;SLC16A1;ABCA1;CEACAM1;SLC1A3;RELA;B2M;PTGS2;POU2F1",0.383455200045262
"HDAC9",18,6,2.61520097442144,0.0649938913491623,"TP53;ESR1;IGFBP1;IL18;RELA;HSPA5",0.38743111856189
"PPARD",10,4,3.47496503496503,0.0696835013777782,"CAT;ANG;TXN;LPL",0.395943684621388
"TFDP1",10,4,3.47496503496503,0.0696835013777782,"CDK1;TP53;MYBL2;RRM1",0.395943684621388
"BDP1",3,2,8.34539605950945,0.0741855269660988,"TP53;RB1",0.395943684621388
"DACH1",3,2,8.34539605950945,0.0741855269660988,"FOS;TNFSF11",0.395943684621388
"DDB2",3,2,8.34539605950945,0.0741855269660988,"BCL2;SOD2",0.395943684621388
"EGR3",3,2,8.34539605950945,0.0741855269660988,"CAT;NAB2",0.395943684621388
"GTF2I",3,2,8.34539605950945,0.0741855269660988,"SIRT1;HSPA5",0.395943684621388
"SIM2",3,2,8.34539605950945,0.0741855269660988,"BCL2;CASP3",0.395943684621388
"TSG101",3,2,8.34539605950945,0.0741855269660988,"EGFR;CEP55",0.395943684621388
"GATA4",19,6,2.42030946903054,0.0821641954901856,"NPPA;ERBB2;STAR;AMH;FCGR2B;CCND2",0.433486962413738
"NR4A1",15,5,2.63050396343227,0.089638673281118,"STAR;E2F1;CCNA2;CYP11A1;HSD3B2",0.467547170864013
"MTA1",24,7,2.15541601255887,0.0907749252213181,"EGFR;SNAI2;CDH1;BRCA1;ESR1;SMAD7;PTEN",0.468153827826798
"HEY1",7,3,3.89829369877737,0.0958692628729104,"GATA6;KDR;BMP2",0.472980203317283
"KLF10",7,3,3.89829369877737,0.0958692628729104,"FGFR1;EGFR;STMN1",0.472980203317283
"NCOA3",7,3,3.89829369877737,0.0958692628729104,"BCL2;BRCA1;ERBB2",0.472980203317283
"ARNT",20,6,2.25229955059011,0.101603407881604,"JUN;BRCA1;FOS;ESR1;CDK2;MFSD2A",0.472980203317283
"EZH2",40,10,1.73316798741758,0.11657180136604,"SNAI2;CDH1;TP53;BRCA1;PAX8;IGFBP1;SFRP1;AXL;RPLP0;PTEN",0.472980203317283
"KLF4",40,10,1.73316798741758,0.11657180136604,"CCNB1;BIRC5;CDH1;CDKN1C;PFKP;TP53;KRT19;ATF3;HDC;LAMA3",0.472980203317283
"TCF7L2",12,4,2.65475935828877,0.125248485523141,"SNAI2;BIRC5;STAT3;PTGS2",0.472980203317283
"EP300",56,13,1.56403025253173,0.128298459620231,"IGF1;BIRC5;NR1H4;BRCA1;ERBB2;WT1;IGFBP3;VCAM1;RELA;PTGS2;DNMT1;EIF2AK1;LAMA3",0.472980203317283
"CTBP1",4,2,5.00482509047045,0.132176730631125,"BRCA1;BRCA2",0.472980203317283
"ENO1",4,2,5.00482509047045,0.132176730631125,"HSD3B2;PTGS2",0.472980203317283
"HBP1",4,2,5.00482509047045,0.132176730631125,"MIF;DNMT1",0.472980203317283
"PIAS3",4,2,5.00482509047045,0.132176730631125,"ESR1;STAT3",0.472980203317283
"SUZ12",4,2,5.00482509047045,0.132176730631125,"SNAI2;IGF2",0.472980203317283
"ZNF143",4,2,5.00482509047045,0.132176730631125,"BUB1B;PCYT1A",0.472980203317283
"ATF5",8,3,3.18797405738155,0.135034849040234,"BCL2;EGR1;ID1",0.472980203317283
"ERCC2",8,3,3.18797405738155,0.135034849040234,"BCL2;TP53;E2F1",0.472980203317283
"HDAC5",8,3,3.18797405738155,0.135034849040234,"WT1;IGF2;SLC2A1",0.472980203317283
"MEF2C",8,3,3.18797405738155,0.135034849040234,"CDKL5;JUN;NR4A1",0.472980203317283
"RBMX",8,3,3.18797405738155,0.135034849040234,"EGR1;FOS;JUNB",0.472980203317283
"STAT5B",8,3,3.18797405738155,0.135034849040234,"IGF1;ESR1;ESR2",0.472980203317283
"CTNNB1",22,6,1.97737422950578,0.146891535148497,"BIRC5;MMP14;JUN;RB1;PTGS2;VIM",0.472980203317283
"NR5A1",22,6,1.97737422950578,0.146891535148497,"FSHR;STAR;AMH;CYP11A1;HSD3B1;HSD3B2",0.472980203317283
"USF2",47,11,1.58544330523791,0.147515726951668,"TGFB2;THBS1;BRCA1;FBP1;BRCA2;HMOX1;ABCA1;CEACAM1;B2M;PTGS2;POU2F1",0.472980203317283
"ATF2",32,8,1.74318687083156,0.151288544448571,"TGFB2;FN1;DUSP1;JUN;IMPDH2;ATF3;RELA;PTGS2",0.472980203317283
"CDX2",32,8,1.74318687083156,0.151288544448571,"KLF4;AXIN2;GSTP1;IGFBP3;ACAT2;LCT;PTGS2;GSK3B",0.472980203317283
"RELA",301,57,1.19876504233612,0.151460842533851,"HES1;BCL2;FN1;EGFR;CCNB1;BIRC5;GSK3A;CDH1;IL10;MMP14;SIRT1;TP53;AKT1;FBP1;WT1;EGR1;CDK6;CSF1;SOD2;AGT;BRCA2;UPP1;HBEGF;GSTP1;E2F1;PTGES;IL18;HMOX1;IER3;STAT3;F3;BTG2;TNFAIP3;AGER;HPSE;SOCS3;AMH;PTPN13;ABCA1;MIF;CEACAM1;CCND2;JUNB;ALOX5;VCAM1;ADORA3;PCYT2;PTEN;PTGS2;CASP3;TLR3;NAMPT;BMP2;EPCAM;LPL;OXTR;SLC25A27",0.472980203317283
"KAT2B",13,4,2.37416267942584,0.158248262486588,"SMAD4;RB1;CDK2;LIN28A",0.472980203317283
"ZEB1",13,4,2.37416267942584,0.158248262486588,"CDH1;GRHL2;COL4A3;EPCAM",0.472980203317283
"NFKB1",303,57,1.18774103089991,0.16505971924604,"HES1;BCL2;FN1;EGFR;CCNB1;BIRC5;GSK3A;CDH1;IL10;MMP14;TP53;AKT1;FBP1;WT1;EGR1;CSF1;SOD2;AGT;BRCA2;UPP1;HBEGF;GSTP1;E2F1;PTGES;IL18;HMOX1;IER3;F3;BTG2;TNFAIP3;AGER;HPSE;SOCS3;AMH;PTPN13;ABCA1;MIF;CEACAM1;ATF3;CCND2;JUNB;CTCF;ALOX5;VCAM1;ADORA3;PCYT2;PTEN;B2M;PTGS2;CASP3;TLR3;NAMPT;BMP2;EPCAM;LPL;GSK3B;SLC25A27",0.472980203317283
"ANKRD1",1,1,14.9927797833935,0.1669341894061,"NPPA",0.472980203317283
"APBB1",1,1,14.9927797833935,0.1669341894061,"GMPS",0.472980203317283
"BARD1",1,1,14.9927797833935,0.1669341894061,"ESR1",0.472980203317283
"BARX2",1,1,14.9927797833935,0.1669341894061,"ESR1",0.472980203317283
"CREG1",1,1,14.9927797833935,0.1669341894061,"HSPA4",0.472980203317283
"DENND4A",1,1,14.9927797833935,0.1669341894061,"ERBB2",0.472980203317283
"DLX4",1,1,14.9927797833935,0.1669341894061,"BRCA1",0.472980203317283
"E2F7",1,1,14.9927797833935,0.1669341894061,"E2F1",0.472980203317283
"E4F1",1,1,14.9927797833935,0.1669341894061,"CCNA2",0.472980203317283
"FOXJ1",1,1,14.9927797833935,0.1669341894061,"ASPM",0.472980203317283
"GABPB1",1,1,14.9927797833935,0.1669341894061,"OXTR",0.472980203317283
"GABPB2",1,1,14.9927797833935,0.1669341894061,"RPS3A",0.472980203317283
"GRHL1",1,1,14.9927797833935,0.1669341894061,"CYP11A1",0.472980203317283
"HMG20B",1,1,14.9927797833935,0.1669341894061,"BRCA2",0.472980203317283
"HNRNPD",1,1,14.9927797833935,0.1669341894061,"KLF2",0.472980203317283
"HOXB4",1,1,14.9927797833935,0.1669341894061,"PROM1",0.472980203317283
"IRF6",1,1,14.9927797833935,0.1669341894061,"NR1H4",0.472980203317283
"KDM4C",1,1,14.9927797833935,0.1669341894061,"JAG1",0.472980203317283
"MAFB",1,1,14.9927797833935,0.1669341894061,"CCND2",0.472980203317283
"MAFF",1,1,14.9927797833935,0.1669341894061,"OXTR",0.472980203317283
"MAFK",1,1,14.9927797833935,0.1669341894061,"NQO1",0.472980203317283
"MDM2",1,1,14.9927797833935,0.1669341894061,"DNMT3A",0.472980203317283
"MDM4",1,1,14.9927797833935,0.1669341894061,"TP53",0.472980203317283
"NFRKB",1,1,14.9927797833935,0.1669341894061,"JUN",0.472980203317283
"NKX2-2",1,1,14.9927797833935,0.1669341894061,"NPPA",0.472980203317283
"NKX2-3",1,1,14.9927797833935,0.1669341894061,"EGR1",0.472980203317283
"PHF10",1,1,14.9927797833935,0.1669341894061,"CASP3",0.472980203317283
"PHF8",1,1,14.9927797833935,0.1669341894061,"CDC20",0.472980203317283
"POLR1A",1,1,14.9927797833935,0.1669341894061,"E2F1",0.472980203317283
"RBBP7",1,1,14.9927797833935,0.1669341894061,"CDH1",0.472980203317283
"RUVBL1",1,1,14.9927797833935,0.1669341894061,"TP53",0.472980203317283
"SCD5",1,1,14.9927797833935,0.1669341894061,"EGR2",0.472980203317283
"TCF12",1,1,14.9927797833935,0.1669341894061,"CDH1",0.472980203317283
"TCF7",1,1,14.9927797833935,0.1669341894061,"SNAI2",0.472980203317283
"TFCP2L1",1,1,14.9927797833935,0.1669341894061,"CYP11A1",0.472980203317283
"TP53BP1",1,1,14.9927797833935,0.1669341894061,"BRCA1",0.472980203317283
"TP65",1,1,14.9927797833935,0.1669341894061,"CDK6",0.472980203317283
"TRIP6",1,1,14.9927797833935,0.1669341894061,"CDK6",0.472980203317283
"UBP1",1,1,14.9927797833935,0.1669341894061,"CYP11A1",0.472980203317283
"YEATS4",1,1,14.9927797833935,0.1669341894061,"TP53",0.472980203317283
"ZIC3",1,1,14.9927797833935,0.1669341894061,"NPPA",0.472980203317283
"ZNF217",1,1,14.9927797833935,0.1669341894061,"CDH1",0.472980203317283
"ZNF383",1,1,14.9927797833935,0.1669341894061,"JUN",0.472980203317283
"ZNF423",1,1,14.9927797833935,0.1669341894061,"BRCA1",0.472980203317283
"HOXA9",9,3,2.69621430564599,0.178573189862847,"CDH3;VCAM1;RELA",0.496758146345739
"NR2F1",9,3,2.69621430564599,0.178573189862847,"LHCGR;MTTP;APOB",0.496758146345739
"SP2",9,3,2.69621430564599,0.178573189862847,"PAPSS2;CEACAM1;DNMT3A",0.496758146345739
"PPARA",39,9,1.56425626068591,0.190905961079908,"ACSL1;MLYCD;SOD2;ACOX1;IGFBP1;HMOX1;PTGS2;APOB;LPL",0.503530801181194
"ATF6",14,4,2.14701298701299,0.194018210319778,"SRF;DDIT3;STARD4;HSPA5",0.503530801181194
"NFYB",14,4,2.14701298701299,0.194018210319778,"FOS;LPIN1;FXR2;CCND2",0.503530801181194
"SNAI2",14,4,2.14701298701299,0.194018210319778,"JAG1;CDH1;HPGD;CDH2",0.503530801181194
"ETV6",5,2,3.57315181802516,0.19663211991369,"IGFBP5;MAD2L1",0.503530801181194
"HOXA7",5,2,3.57315181802516,0.19663211991369,"CDH1;VIM",0.503530801181194
"NR2F6",5,2,3.57315181802516,0.19663211991369,"LHCGR;APOB",0.503530801181194
"RBL1",5,2,3.57315181802516,0.19663211991369,"BRCA1;CCNA2",0.503530801181194
"SMAD2",5,2,3.57315181802516,0.19663211991369,"BCL2;GLI1",0.503530801181194
"TFAP2B",5,2,3.57315181802516,0.19663211991369,"ERBB2;CRYAB",0.503530801181194
"TNFAIP3",5,2,3.57315181802516,0.19663211991369,"JUN;RELA",0.503530801181194
"TSC22D3",5,2,3.57315181802516,0.19663211991369,"FOXO4;FOXO1",0.503530801181194
"UHRF1",5,2,3.57315181802516,0.19663211991369,"RB1;TOP2A",0.503530801181194
"PML",19,5,1.90116059831567,0.19913055131495,"EGFR;TP53;NR4A1;TNFAIP3;CASP3",0.503530801181194
"XBP1",19,5,1.90116059831567,0.19913055131495,"DDIT3;SOD2;ESR1;ZHX2;HSPA5",0.503530801181194
"ATF1",24,6,1.76189222108832,0.199657093278818,"TGFB2;BCL2;IL10;LDHA;ERBB2;TOP2A",0.503530801181194
"HDAC3",24,6,1.76189222108832,0.199657093278818,"EGFR;CDH1;JUN;LSS;ALOX5;LGALS9",0.503530801181194
"IRF1",51,11,1.42605531960238,0.220222253933431,"BCL2;CDK1;CCNB1;IL10;TP53;CDK2;E2F1;MYB;SOCS2;CEACAM1;VCAM1",0.540308642412847
"CTCF",30,7,1.60042085574,0.223612938107536,"BRCA1;WT1;ANG;SIX5;RAD21;IGF2;ETNK2",0.540308642412847
"HOXB7",10,3,2.33559048770657,0.225240199213591,"WNT5A;EGFR;PDGFA",0.540308642412847
"NR0B1",10,3,2.33559048770657,0.225240199213591,"NR1H4;STAR;AMH",0.540308642412847
"ZBTB16",10,3,2.33559048770657,0.225240199213591,"SOX9;BCL2;CCNA2",0.540308642412847
"NFYA",20,5,1.77764277035237,0.231639599126065,"DDIT3;LPIN1;FXR2;CCND2;HSPA5",0.540308642412847
"HOXA10",15,4,1.95936758893281,0.231974405606564,"CDKN1C;TP53;WT1;IGFBP1",0.540308642412847
"ING4",15,4,1.95936758893281,0.231974405606564,"BCL2;TP53;PTGS2;CASP3",0.540308642412847
"JUNB",15,4,1.95936758893281,0.231974405606564,"SMAD4;EGFR;NQO1;PTGS2",0.540308642412847
"TBP",15,4,1.95936758893281,0.231974405606564,"BCL2;CCNB1;FOS;E2F1",0.540308642412847
"SMAD3",31,7,1.53435000373776,0.250473611376115,"JUN;LTBP4;FSTL3;CCND2;ZFP36;SMAD7;POR",0.540308642412847
"MITF",26,6,1.58845548260598,0.258212255503157,"FOS;CDK2;GPNMB;DCT;TYRP1;ACP5",0.540308642412847
"CEBPZ",6,2,2.77777777777778,0.263789348493683,"SOX9;COL11A1",0.540308642412847
"FOXQ1",6,2,2.77777777777778,0.263789348493683,"BCL11A;CDH1",0.540308642412847
"HDGF",6,2,2.77777777777778,0.263789348493683,"CDH1;VIM",0.540308642412847
"IKBKB",6,2,2.77777777777778,0.263789348493683,"TP53;VCAM1",0.540308642412847
"MEF2D",6,2,2.77777777777778,0.263789348493683,"JUN;ATF3",0.540308642412847
"MSX1",6,2,2.77777777777778,0.263789348493683,"NOTCH3;ZHX2",0.540308642412847
"NFKB2",6,2,2.77777777777778,0.263789348493683,"CDK6;CCND2",0.540308642412847
"SOX6",6,2,2.77777777777778,0.263789348493683,"TP53;CCNA2",0.540308642412847
"SRY",6,2,2.77777777777778,0.263789348493683,"SOX9;PROM1",0.540308642412847
"ZBTB7A",6,2,2.77777777777778,0.263789348493683,"PFKP;FOS",0.540308642412847
"ZEB2",6,2,2.77777777777778,0.263789348493683,"CDH1;VIM",0.540308642412847
"FOXA1",21,5,1.66909680032402,0.265519629232612,"BCL2;BRCA1;ESR1;ABCA1;APOB",0.540308642412847
"SIRT1",48,10,1.36766185843677,0.271397373575663,"TBX3;BCL11A;CDH1;TP53;XPC;NQO1;ADAMTS5;LIN28A;HSPA4;HIC1",0.540308642412847
"ATF3",16,4,1.80174545454545,0.271528070961435,"TP53;AK4;DDIT3;ID1",0.540308642412847
"FOXP3",11,3,2.05981933281172,0.273867335770143,"IL10;BRCA1;ERBB2",0.540308642412847
"MEF2A",11,3,2.05981933281172,0.273867335770143,"JUN;TNNI3;COX6A1",0.540308642412847
"HDAC2",27,6,1.51383735093335,0.289059322090467,"IGF1;SNAI2;KLF4;CDH1;ALOX5;DNMT1",0.540308642412847
"GATA3",38,8,1.39617151915244,0.294040403262101,"CDH1;ALDH1A2;IL10;CDH3;TCF7L2;ESR1;RELA;HSD17B1",0.540308642412847
"ETV4",22,5,1.57295608401319,0.300410245139705,"MMP14;ERBB2;CCND2;PTGS2;VIM",0.540308642412847
"REL",22,5,1.57295608401319,0.300410245139705,"IL10;SOD2;IER3;F3;TNFAIP3",0.540308642412847
"SOX2",22,5,1.57295608401319,0.300410245139705,"ASXL1;SEMA6A;MKI67;TUBB3;VIM",0.540308642412847
"ATF7",2,1,4.99518652226233,0.306057183066101,"ERBB2",0.540308642412847
"BACH1",2,1,4.99518652226233,0.306057183066101,"HMOX1",0.540308642412847
"BRIP1",2,1,4.99518652226233,0.306057183066101,"BARD1",0.540308642412847
"CBX7",2,1,4.99518652226233,0.306057183066101,"CDH1",0.540308642412847
"DDX5",2,1,4.99518652226233,0.306057183066101,"IGF2",0.540308642412847
"E2F8",2,1,4.99518652226233,0.306057183066101,"E2F1",0.540308642412847
"ELF2",2,1,4.99518652226233,0.306057183066101,"VCP",0.540308642412847
"ETV1",2,1,4.99518652226233,0.306057183066101,"CAT",0.540308642412847
"FOXC1",2,1,4.99518652226233,0.306057183066101,"FOXO1",0.540308642412847
"FOXF1",2,1,4.99518652226233,0.306057183066101,"CDH1",0.540308642412847
"FOXH1",2,1,4.99518652226233,0.306057183066101,"CTCF",0.540308642412847
"FOXK2",2,1,4.99518652226233,0.306057183066101,"SIN3A",0.540308642412847
"GCM2",2,1,4.99518652226233,0.306057183066101,"CASR",0.540308642412847
"HLX",2,1,4.99518652226233,0.306057183066101,"PAK1",0.540308642412847
"HOXC6",2,1,4.99518652226233,0.306057183066101,"IGFBP3",0.540308642412847
"ID4",2,1,4.99518652226233,0.306057183066101,"BRCA1",0.540308642412847
"LCOR",2,1,4.99518652226233,0.306057183066101,"CDH1",0.540308642412847
"LMO3",2,1,4.99518652226233,0.306057183066101,"HES1",0.540308642412847
"LRRFIP1",2,1,4.99518652226233,0.306057183066101,"EGFR",0.540308642412847
"MAFG",2,1,4.99518652226233,0.306057183066101,"NQO1",0.540308642412847
"MAL",2,1,4.99518652226233,0.306057183066101,"MYL9",0.540308642412847
"MYBL1",2,1,4.99518652226233,0.306057183066101,"DHRS2",0.540308642412847
"NFE2L1",2,1,4.99518652226233,0.306057183066101,"NQO1",0.540308642412847
"NR2C2",2,1,4.99518652226233,0.306057183066101,"LHCGR",0.540308642412847
"NR2E3",2,1,4.99518652226233,0.306057183066101,"ESR1",0.540308642412847
"PAWR",2,1,4.99518652226233,0.306057183066101,"BCL2",0.540308642412847
"PER2",2,1,4.99518652226233,0.306057183066101,"SNAI2",0.540308642412847
"PHB2",2,1,4.99518652226233,0.306057183066101,"BTG2",0.540308642412847
"PLAGL1",2,1,4.99518652226233,0.306057183066101,"SDHB",0.540308642412847
"POU4F2",2,1,4.99518652226233,0.306057183066101,"HSP90AA1",0.540308642412847
"RB1CC1",2,1,4.99518652226233,0.306057183066101,"RB1",0.540308642412847
"SALL3",2,1,4.99518652226233,0.306057183066101,"DNMT3A",0.540308642412847
"SIN3A",2,1,4.99518652226233,0.306057183066101,"E2F1",0.540308642412847
"SIX1",2,1,4.99518652226233,0.306057183066101,"CDH1",0.540308642412847
"SOX11",2,1,4.99518652226233,0.306057183066101,"TUBB3",0.540308642412847
"TFDP3",2,1,4.99518652226233,0.306057183066101,"E2F1",0.540308642412847
"TFEB",2,1,4.99518652226233,0.306057183066101,"TYRP1",0.540308642412847
"THRB",2,1,4.99518652226233,0.306057183066101,"POR",0.540308642412847
"TRIB3",2,1,4.99518652226233,0.306057183066101,"ATF4",0.540308642412847
"TRIM22",2,1,4.99518652226233,0.306057183066101,"RELA",0.540308642412847
"TRRAP",2,1,4.99518652226233,0.306057183066101,"CCND2",0.540308642412847
"WHSC1",2,1,4.99518652226233,0.306057183066101,"ID1",0.540308642412847
"XRCC6",2,1,4.99518652226233,0.306057183066101,"ERBB2",0.540308642412847
"ZNF224",2,1,4.99518652226233,0.306057183066101,"ALDOA",0.540308642412847
"ZNRD1",2,1,4.99518652226233,0.306057183066101,"BCL2",0.540308642412847
"CEBPD",17,4,1.66747474747475,0.312109040412139,"GAPDH;DDIT3;C3;PTGS2",0.54888141589721
"NR5A2",12,3,1.84210526315789,0.323406952519144,"STAR;CYP11A1;HSD3B2",0.566579355749187
"ASCL1",7,2,2.27163066125672,0.330957382741993,"PCSK6;IGF2",0.566826263726025
"HOXA1",7,2,2.27163066125672,0.330957382741993,"BCL2;IER3",0.566826263726025
"ING1",7,2,2.27163066125672,0.330957382741993,"TP53;CASP3",0.566826263726025
"MSX2",7,2,2.27163066125672,0.330957382741993,"BCL2;CDH2",0.566826263726025
"NR2F2",7,2,2.27163066125672,0.330957382741993,"E2F1;HEY2",0.566826263726025
"SALL4",7,2,2.27163066125672,0.330957382741993,"CDH1;PTEN",0.566826263726025
"NANOG",23,5,1.48720895865489,0.335958493438389,"GATA6;CDK6;SEMA6A;KDR;KLF2",0.571129438845262
"SOX9",23,5,1.48720895865489,0.335958493438389,"HES1;KLF4;DCT;AMH;CEACAM1",0.571129438845262
"RUNX1",40,8,1.30897278975614,0.347697967435577,"KLF4;JUN;CSF1;PRKCQ;CCND2;RELA;MAD2L1;MYL9",0.587525683235779
"JUN",149,27,1.12648345602683,0.349186496274293,"EGFR;RARG;LDHA;TP53;JUN;BRCA1;PDK1;DDIT3;CSF1;SOD2;STAR;GSTP1;F3;MYB;RHOB;NQO1;CYP11A1;ATF3;TXN;SMAD7;VCAM1;STMN1;DDX21;PTGS2;MEF2D;NAMPT;OXTR",0.587525683235779
"FOS",57,11,1.23838882038635,0.349443380225202,"SMAD4;TP53;NPPA;DDIT3;FOS;STAR;GSTP1;NQO1;SMAD7;PTGS2;OXTR",0.587525683235779
"FOXA2",18,4,1.55172413793103,0.353183071569589,"CDH1;TCF7L2;APOA1;ABCA1",0.591646094344677
"FOXO1",24,5,1.41025641025641,0.371827282954066,"PDGFB;PDGFA;EGR1;IGFBP1;KLF2",0.618833201604763
"TP73",13,3,1.6658605401048,0.372954559528911,"CDK1;BIRC5;E2F1",0.618833201604763
"RUNX3",30,6,1.3265306122449,0.384908005393486,"HES1;JAG1;WNT4;ING1;HSPD1;CASP3",0.618833201604763
"ESR2",19,4,1.45090909090909,0.394263743637493,"JUN;INSR;FOS;BRCA2",0.618833201604763
"STAT6",36,7,1.27118644067797,0.394741932162965,"DUSP1;FOS;RHOA;HSD3B2;PTGS2;FOSB;CISH",0.618833201604763
"HES1",8,2,1.92122111904983,0.396264893975913,"E2F1;PTEN",0.618833201604763
"NR0B2",8,2,1.92122111904983,0.396264893975913,"E2F1;PTGS2",0.618833201604763
"CREM",25,5,1.34081142755534,0.407701885887816,"DUSP1;FOS;STAR;ACE;CCNA2",0.618833201604763
"HSF1",31,6,1.27388884908409,0.417172259957655,"LDHA;JUN;HOPX;HSD17B6;HSPA4;RELA",0.618833201604763
"CLOCK",14,3,1.52026707323485,0.421755382040492,"STAR;NR3C1;NAMPT",0.618833201604763
"BACH2",3,1,2.9956678700361,0.421993011116102,"BCL2",0.618833201604763
"BRD7",3,1,2.9956678700361,0.421993011116102,"BRD2",0.618833201604763
"CTNNBIP1",3,1,2.9956678700361,0.421993011116102,"MMP14",0.618833201604763
"E2F5",3,1,2.9956678700361,0.421993011116102,"FSHR",0.618833201604763
"ELK4",3,1,2.9956678700361,0.421993011116102,"FOS",0.618833201604763
"ETV3",3,1,2.9956678700361,0.421993011116102,"RELA",0.618833201604763
"FOXP1",3,1,2.9956678700361,0.421993011116102,"HIP1R",0.618833201604763
"GLI3",3,1,2.9956678700361,0.421993011116102,"SMO",0.618833201604763
"HCFC1",3,1,2.9956678700361,0.421993011116102,"E2F1",0.618833201604763
"HEY2",3,1,2.9956678700361,0.421993011116102,"GATA6",0.618833201604763
"HMGN1",3,1,2.9956678700361,0.421993011116102,"FOS",0.618833201604763
"HOPX",3,1,2.9956678700361,0.421993011116102,"FOS",0.618833201604763
"ING2",3,1,2.9956678700361,0.421993011116102,"BCL2",0.618833201604763
"JARID2",3,1,2.9956678700361,0.421993011116102,"NPPA",0.618833201604763
"KCNIP3",3,1,2.9956678700361,0.421993011116102,"TG",0.618833201604763
"KHDRBS1",3,1,2.9956678700361,0.421993011116102,"IGF2",0.618833201604763
"MAML1",3,1,2.9956678700361,0.421993011116102,"EGR1",0.618833201604763
"MXD1",3,1,2.9956678700361,0.421993011116102,"PTEN",0.618833201604763
"MYOD1",3,1,2.9956678700361,0.421993011116102,"HBEGF",0.618833201604763
"NHLH2",3,1,2.9956678700361,0.421993011116102,"HES1",0.618833201604763
"NOTCH3",3,1,2.9956678700361,0.421993011116102,"HES1",0.618833201604763
"NR1H2",3,1,2.9956678700361,0.421993011116102,"ABCA1",0.618833201604763
"PER1",3,1,2.9956678700361,0.421993011116102,"BCL2",0.618833201604763
"RARB",3,1,2.9956678700361,0.421993011116102,"ADH5",0.618833201604763
"SETBP1",3,1,2.9956678700361,0.421993011116102,"PTGS2",0.618833201604763
"SNW1",3,1,2.9956678700361,0.421993011116102,"HES1",0.618833201604763
"XRCC5",3,1,2.9956678700361,0.421993011116102,"ERBB2",0.618833201604763
"ZNF202",3,1,2.9956678700361,0.421993011116102,"ABCA1",0.618833201604763
"ZNF76",3,1,2.9956678700361,0.421993011116102,"PCYT1A",0.618833201604763
"SP3",113,20,1.09680965129374,0.424796646828922,"BIRC5;FBP1;ERBB2;HMGA2;HBEGF;IGFBP1;ACE;IGFBP3;F2R;RORA;SOCS3;ABCA1;CDH2;FBLN1;DNMT3A;KDR;SLC1A3;RELA;SLC19A3;LPL",0.62096070348559
"KLF6",20,4,1.36231404958678,0.43491977976535,"CDH1;ATF3;ASAH1;PTTG1",0.63173474339334
"NR1H4",20,4,1.36231404958678,0.43491977976535,"SCARB1;RELA;HSD3B2;ABCC4",0.63173474339334
"NR1I2",26,5,1.27782644324508,0.443294655027021,"BCL2;IL10;THBS1;RAB3A;RELA",0.641868285985497
"EGR2",9,2,1.66425412143144,0.458462523722502,"PTGS2;IGF2",0.647490148888088
"ELF1",9,2,1.66425412143144,0.458462523722502,"ERBB2;BRCA2",0.647490148888088
"ESRRA",9,2,1.66425412143144,0.458462523722502,"SNAI2;DAP3",0.647490148888088
"GATA6",9,2,1.66425412143144,0.458462523722502,"APOA1;CYP11A1",0.647490148888088
"HIPK2",9,2,1.66425412143144,0.458462523722502,"TP53;VIM",0.647490148888088
"SMAD7",9,2,1.66425412143144,0.458462523722502,"CDK1;HMOX1",0.647490148888088
"SMARCA4",9,2,1.66425412143144,0.458462523722502,"CDH1;FOS",0.647490148888088
"TFCP2",9,2,1.66425412143144,0.458462523722502,"WT1;GSK3B",0.647490148888088
"IRF3",15,3,1.39796856106409,0.469200626148974,"SOCS2;TLR3;ABCC2",0.657559897835613
"TP63",15,3,1.39796856106409,0.469200626148974,"KLF4;BRCA1;XPC",0.657559897835613
"PAX5",21,4,1.28384415584416,0.474778638714229,"BCL2;TP53;PRDM1;RB1",0.657559897835613
"ERG",27,5,1.22044012420683,0.478348139785328,"SOX4;PIM1;HMOX1;HPGD;VIM",0.657559897835613
"JUND",34,6,1.13812851251149,0.511992804908051,"SOX4;ERBB2;F3;MYB;NQO1;PTGS2",0.657559897835613
"ATM",22,4,1.21385749385749,0.513527170619679,"BCL2;DUSP1;FOXM1;SLC2A1",0.657559897835613
"EPAS1",10,2,1.46774994678209,0.51676810484973,"MMP14;PTPRZ1",0.657559897835613
"LMO2",10,2,1.46774994678209,0.51676810484973,"CDH1;NFATC1",0.657559897835613
"MBD2",10,2,1.46774994678209,0.51676810484973,"GSTP1;ALOX5",0.657559897835613
"NFIL3",10,2,1.46774994678209,0.51676810484973,"HPGD;PTGS2",0.657559897835613
"NKX3-1",10,2,1.46774994678209,0.51676810484973,"FOS;ESR1",0.657559897835613
"TAL1",10,2,1.46774994678209,0.51676810484973,"ALDH1A2;MYB",0.657559897835613
"DLX5",4,1,2.13873130479629,0.518598437944427,"IGFBP3",0.657559897835613
"DMAP1",4,1,2.13873130479629,0.518598437944427,"DNMT1",0.657559897835613
"DR1",4,1,2.13873130479629,0.518598437944427,"PTGS2",0.657559897835613
"EHMT2",4,1,2.13873130479629,0.518598437944427,"BIRC5",0.657559897835613
"ELL",4,1,2.13873130479629,0.518598437944427,"E2F1",0.657559897835613
"FUS",4,1,2.13873130479629,0.518598437944427,"DDIT3",0.657559897835613
"GCM1",4,1,2.13873130479629,0.518598437944427,"MFSD2A",0.657559897835613
"HAND2",4,1,2.13873130479629,0.518598437944427,"NPPA",0.657559897835613
"KLF15",4,1,2.13873130479629,0.518598437944427,"LRP5",0.657559897835613
"LYL1",4,1,2.13873130479629,0.518598437944427,"STMN1",0.657559897835613
"MEIS1",4,1,2.13873130479629,0.518598437944427,"ITGA9",0.657559897835613
"MKL1",4,1,2.13873130479629,0.518598437944427,"SRF",0.657559897835613
"NCOA6",4,1,2.13873130479629,0.518598437944427,"FOS",0.657559897835613
"NRL",4,1,2.13873130479629,0.518598437944427,"NR2E3",0.657559897835613
"PA2G4",4,1,2.13873130479629,0.518598437944427,"E2F1",0.657559897835613
"PLAG1",4,1,2.13873130479629,0.518598437944427,"IGF2",0.657559897835613
"PLAGL2",4,1,2.13873130479629,0.518598437944427,"IGF2",0.657559897835613
"PURA",4,1,2.13873130479629,0.518598437944427,"ERBB2",0.657559897835613
"RBL2",4,1,2.13873130479629,0.518598437944427,"BRCA1",0.657559897835613
"RBPJ",4,1,2.13873130479629,0.518598437944427,"PTEN",0.657559897835613
"TLX1",4,1,2.13873130479629,0.518598437944427,"NR4A3",0.657559897835613
"TRIM28",4,1,2.13873130479629,0.518598437944427,"ID1",0.657559897835613
"ZBTB2",4,1,2.13873130479629,0.518598437944427,"TP53",0.657559897835613
"ZFHX3",4,1,2.13873130479629,0.518598437944427,"MYB",0.657559897835613
"ZHX2",4,1,2.13873130479629,0.518598437944427,"CCNA2",0.657559897835613
"STAT1",84,14,1.02530285009471,0.549664342392767,"EGFR;IL10;NR1H4;TP53;SCARB1;PIM1;UPP1;HMOX1;STAT3;GLS;SOCS3;HSP90AA1;PTGS2;TLR3",0.695030118893334
"BCL6",17,3,1.20397781762081,0.558254868777002,"CHEK1;STAT3;CCND2",0.703087854456897
"YY1",91,15,1.00953939068363,0.56707827337673,"EGFR;TP53;BRCA1;ERBB2;FDPS;STAR;LSS;NR3C1;FCGR2B;CTCF;SMAD7;COX7C;HSD3B2;COX6A1;HSPA5",0.703087854456897
"IRF8",11,2,1.31261507205892,0.570746053534083,"IL10;TLR3",0.703087854456897
"MEN1",11,2,1.31261507205892,0.570746053534083,"BRCA1;CDKN2C",0.703087854456897
"MSC",11,2,1.31261507205892,0.570746053534083,"IL10;CDC6",0.703087854456897
"PITX2",11,2,1.31261507205892,0.570746053534083,"WNT5A;PLOD1",0.703087854456897
"STAT2",11,2,1.31261507205892,0.570746053534083,"SCARB1;PTGS2",0.703087854456897
"STAT4",11,2,1.31261507205892,0.570746053534083,"PIM1;SOCS3",0.703087854456897
"FLI1",24,4,1.09436807095344,0.586726603440706,"IL10;IGFBP3;HMOX1;FOXM1",0.703087854456897
"AATF",5,1,1.66265543521861,0.599090017452111,"TP53",0.703087854456897
"CHD8",5,1,1.66265543521861,0.599090017452111,"BRCA1",0.703087854456897
"CRX",5,1,1.66265543521861,0.599090017452111,"NR2E3",0.703087854456897
"DEK",5,1,1.66265543521861,0.599090017452111,"BCL2",0.703087854456897
"ELF4",5,1,1.66265543521861,0.599090017452111,"TP53",0.703087854456897
"FHL2",5,1,1.66265543521861,0.599090017452111,"RELA",0.703087854456897
"GTF3A",5,1,1.66265543521861,0.599090017452111,"RAD51B",0.703087854456897
"HDAC11",5,1,1.66265543521861,0.599090017452111,"IL10",0.703087854456897
"HMGA2",5,1,1.66265543521861,0.599090017452111,"CDH1",0.703087854456897
"KDM4B",5,1,1.66265543521861,0.599090017452111,"ESR1",0.703087854456897
"MAX",5,1,1.66265543521861,0.599090017452111,"BRD7",0.703087854456897
"MED1",5,1,1.66265543521861,0.599090017452111,"UBE2C",0.703087854456897
"NCOR2",5,1,1.66265543521861,0.599090017452111,"IGF1",0.703087854456897
"NR1H3",5,1,1.66265543521861,0.599090017452111,"ABCA1",0.703087854456897
"NUPR1",5,1,1.66265543521861,0.599090017452111,"TP53",0.703087854456897
"PBX1",5,1,1.66265543521861,0.599090017452111,"VCP",0.703087854456897
"RORA",5,1,1.66265543521861,0.599090017452111,"E2F1",0.703087854456897
"TEAD1",5,1,1.66265543521861,0.599090017452111,"SRF",0.703087854456897
"GLI2",18,3,1.12575574365175,0.599269228218485,"BCL2;CDH1;JUN",0.703087854456897
"MYB",37,6,1.028227287667,0.600458472651642,"BCL2;ERBB2;WT1;MYB;NR3C1;DHRS2",0.703087854456897
"IRF7",12,2,1.18702969728301,0.620213873737071,"NR1H4;ATF4",0.719594409811457
"OTX2",12,2,1.18702969728301,0.620213873737071,"IGF1;DCT",0.719594409811457
"CREBBP",25,4,1.04295983086681,0.620826549641257,"EGFR;TP53;BRCA1;PTGS2",0.719594409811457
"SRF",25,4,1.04295983086681,0.620826549641257,"MMP14;FOS;UBE2S;MYL9",0.719594409811457
"RUNX2",19,3,1.05701513319409,0.637707756577421,"LRP5;SNAI2;ESR1",0.737299396143668
"HNF4A",45,7,0.969744541173113,0.644378122654984,"TCF7L2;APOA1;PCSK9;ACAT2;CEACAM1;MTTP;APOB",0.74313959371517
"HNF1A",26,4,0.996121212121212,0.653105075934755,"IGFBP1;ACAT2;MTTP;LCT",0.751260244277402
"STAT5A",13,2,1.08328525725075,0.665170112684009,"ESR1;CCND2",0.751260244277402
"FOXO4",6,1,1.35969806366918,0.666150151243797,"SOD2",0.751260244277402
"LMX1B",6,1,1.35969806366918,0.666150151243797,"COL4A4",0.751260244277402
"MAF",6,1,1.35969806366918,0.666150151243797,"CCND2",0.751260244277402
"PBX2",6,1,1.35969806366918,0.666150151243797,"VCP",0.751260244277402
"PRDM1",6,1,1.35969806366918,0.666150151243797,"MKI67",0.751260244277402
"SOX17",6,1,1.35969806366918,0.666150151243797,"FN1",0.751260244277402
"WWTR1",6,1,1.35969806366918,0.666150151243797,"IGFBP1",0.751260244277402
"VHL",20,3,0.996130592503023,0.673493870132492,"CDKN1C;TP53;KLF10",0.757680603899054
"CEBPB",60,9,0.916897968908214,0.692610023381796,"MAD1L1;IL10;PRDM1;INSR;DDIT3;STAR;PTPN13;PTGS2;OXTR",0.77728117538446
"NF1",14,2,0.996139927623643,0.705739234457928,"TP53;FOS",0.788161334832577
"TCF3",14,2,0.996139927623643,0.705739234457928,"CDH1;CDK6",0.788161334832577
"APEX1",7,1,1.14995834490419,0.722015612660764,"RELA",0.792835325864332
"ILF3",7,1,1.14995834490419,0.722015612660764,"BIRC5",0.792835325864332
"MTF1",7,1,1.14995834490419,0.722015612660764,"ACO1",0.792835325864332
"MZF1",7,1,1.14995834490419,0.722015612660764,"CDH2",0.792835325864332
"NFATC1",7,1,1.14995834490419,0.722015612660764,"EGR3",0.792835325864332
"NFATC2",7,1,1.14995834490419,0.722015612660764,"EGR3",0.792835325864332
"NR3C2",7,1,1.14995834490419,0.722015612660764,"EGFR",0.792835325864332
"VDR",42,6,0.885205145746083,0.726310057711556,"EGFR;CDH1;IL10;ERBB2;IGFBP3;AMH",0.795647533388077
"AHR",22,3,0.893095215948904,0.737100323487163,"BRCA1;FOS;MFSD2A",0.805545353525256
"FOSL2",15,2,0.921905017200554,0.742129789582383,"BRCA1;MYB",0.807198041275625
"SATB1",15,2,0.921905017200554,0.742129789582383,"BCL2;MKI67",0.807198041275625
"CDX1",8,1,0.996149217809868,0.768551429615743,"PTGS2",0.824217537835574
"CUX1",8,1,0.996149217809868,0.768551429615743,"WNT5A",0.824217537835574
"FOXF2",8,1,0.996149217809868,0.768551429615743,"PDGFA",0.824217537835574
"IRF9",8,1,0.996149217809868,0.768551429615743,"CCND2",0.824217537835574
"MAZ",8,1,0.996149217809868,0.768551429615743,"MMP14",0.824217537835574
"MYBL2",8,1,0.996149217809868,0.768551429615743,"MYBL2",0.824217537835574
"PITX1",16,2,0.857909404766857,0.774602992429324,"HES1;JUN",0.828771033857948
"NR3C1",38,5,0.815309842041312,0.785519152482574,"SRF;TP53;BRCA1;CDK6;NR3C1",0.836550559140375
"POU2F1",38,5,0.815309842041312,0.785519152482574,"SNAI2;ID1;LCT;VCAM1;MAD2L1",0.836550559140375
"POU5F1",24,3,0.809229211776947,0.790500616087096,"GATA6;DLX5;SEMA6A",0.839906904592539
"ELF3",9,1,0.878530473561266,0.807312542852398,"PTGS2",0.846019308605595
"EWSR1",9,1,0.878530473561266,0.807312542852398,"EGR2",0.846019308605595
"NKX2-5",9,1,0.878530473561266,0.807312542852398,"DACT1",0.846019308605595
"POU3F2",9,1,0.878530473561266,0.807312542852398,"FOXP2",0.846019308605595
"PPARGC1A",9,1,0.878530473561266,0.807312542852398,"MLYCD",0.846019308605595
"ZNF148",9,1,0.878530473561266,0.807312542852398,"VIM",0.846019308605595
"DDIT3",18,2,0.753189311693534,0.828971931503527,"SIRT1;CDK2",0.866738306515078
"SPDEF",10,1,0.785673570207106,0.839595258186027,"CDH1",0.875850507971333
"GATA1",57,7,0.734958111195735,0.862884707176749,"SMAD1;CDC6;WT1;LTBP4;TAL1;DICER1;DACH1",0.89374022921553
"KLF2",11,1,0.710503696063263,0.866480178651222,"FABP5",0.89374022921553
"NPM1",11,1,0.710503696063263,0.866480178651222,"DNMT1",0.89374022921553
"PROX1",11,1,0.710503696063263,0.866480178651222,"CDKN1C",0.89374022921553
"SOX10",11,1,0.710503696063263,0.866480178651222,"EDNRB",0.89374022921553
"RXRA",20,2,0.671111400906335,0.871249124587382,"ABCA1;NOL7",0.896644278443068
"LEF1",29,3,0.654947411649289,0.885660326076495,"SNAI2;BIRC5;ESR1",0.908664639798667
"CREB5",12,1,0.648406843509653,0.888868024552508,"DGKG",0.908664639798667
"TBX21",12,1,0.648406843509653,0.888868024552508,"IL10",0.908664639798667
"ETS2",32,3,0.5874818109155,0.922191652001787,"CDK1;TP53;EGR1",0.938549818777872
"REST",32,3,0.5874818109155,0.922191652001787,"NRP1;LIN28A;TUBB3",0.938549818777872
"MYCN",45,4,0.535071193866375,0.957166024575709,"BIRC5;TP53;MYBL2;EFNB3",0.971989392212944
"SPI1",62,6,0.56625311243573,0.960911684089268,"SCARB1;CSF1;IL18;STAT3;MAPK1;ACP5",0.973638991163298
"GATA2",19,1,0.401697726607474,0.96931667004959,"WT1",0.977838135280795
"NFKBIA",19,1,0.401697726607474,0.96931667004959,"RELA",0.977838135280795
"ETS1",79,7,0.506378678792472,0.985763848713195,"TP53;WT1;EGR1;IGFBP1;HMOX1;MYB;HPGD",0.992249137191571
"RARA",26,1,0.290436752318256,0.991562254001279,"SCD",0.995153744109854
"NFIC",27,1,0.279340644370275,0.992985653164081,"JUN",0.995153744109854
"CIITA",31,1,0.242232348937681,0.9966528703751,"SIRT1",0.9966528703751
